_id,label,pitch_nm,line_cd_nm,line_cd_ratio,domain_x_nm,dose_mJ_cm2,sigma_nm,DH_nm2_s,time_s,Hmax_mol_dm3,kdep_s_inv,Q0_mol_dm3,kq_s_inv,abs_len_nm,CD_locked_nm,LER_CD_locked_nm,area_frac,P_line_margin,CD_final_nm,CD_pitch_frac,LER_after_PEB_P_nm,LER_design_initial_nm,P_space_center_mean,P_line_center_mean,contrast,psd_locked_mid,psd_design_mid,H_min,P_min,P_max,prefilter_score,roughness_trigger,source_recipe_id,rank_surrogate,variation_idx,phase,yield_score_surrogate
A_4856__nom,robust_valid,24.0,12.48,0.52,120.0,56.541881969198585,0.5219200719147921,0.4308592199347913,31.574545060284436,0.19789295235648752,0.5405204690992832,0.021717926692217587,0.8034077300690114,50.0,12.310041595178475,2.5171925610446224,0.6380208333333334,0.20414685467382165,15.317540734264744,0.6382308639276977,2.5465105169293567,2.7701829575093893,0.20770885228848604,0.8541468546738217,0.6464380023853357,1.8167241502337887,4.586725975482864,0.01573566970905136,0.10849523309833303,0.8682084626186833,,,A_4856,1,0,nominal,0.9521500000000006
A_279__nom,robust_valid,24.0,12.48,0.52,120.0,53.85738447122276,0.5980408117175102,0.39193872986361383,31.485285474918783,0.2007675371039659,0.4750808044336736,0.007712785536423326,0.8387198289856315,50.0,12.400431793387648,2.515772530844478,0.6299305555555555,0.18912014000887245,15.114659179207331,0.6297774658003055,2.541946982024908,2.7701829575093893,0.1985614432876231,0.8391201400088725,0.6405586967212493,1.837553830741821,4.586725975482864,0.01816143037174578,0.10089609254298355,0.8525450522815872,,,A_279,2,0,nominal,0.9027166666666664
A_94__nom,robust_valid,24.0,12.48,0.52,120.0,55.04910111799836,0.82006567530334,0.4944622164592147,36.411108803004026,0.20230519387871027,0.4876966988667846,0.020931895365938542,1.7947755130007863,50.0,12.309755085451384,2.5064929602481545,0.6566666666666666,0.1944629336362319,15.759577651561107,0.6566490688150461,2.582368909710156,2.7701829575093893,0.24670386474539693,0.8444629336362319,0.597759068890835,1.4384466605702915,4.586725975482864,0.017185688306066885,0.13913655060414068,0.862136092705029,,,A_94,3,0,nominal,0.8953916666666665
A_1933__nom,robust_valid,24.0,12.48,0.52,120.0,53.29488435946405,0.26006496883928776,0.3814832053147256,33.28145917505026,0.17607268276624383,0.5074028577655554,0.021553762201219795,0.5759152085520327,50.0,12.510011184993578,2.53039650868489,0.5888020833333333,0.1597174030797709,14.126852815705334,0.5886188673210556,2.534005894551862,2.7701829575093893,0.16449993344361644,0.8097174030797709,0.6452174696361545,1.9840936544206116,4.586725975482864,0.012614806955779505,0.08188979654849396,0.8250079196165974,,,A_1933,4,0,nominal,0.8891666666666664
A_3686__nom,robust_valid,24.0,12.48,0.52,120.0,54.838243301957846,0.6158111561089754,0.358237224817276,31.887353332713246,0.2167640049289912,0.5679253607988357,0.022555042030289768,1.2688129567541182,50.0,12.402732206785915,2.5222894446354673,0.6493923611111111,0.24226087629899762,15.594815840699832,0.649783993362493,2.5421866492555116,2.7701829575093893,0.1749164155903537,0.8922608762989976,0.7173444607086439,1.973956797704003,4.586725975482864,0.01104164208863576,0.07788245308692837,0.9028510884873145,,,A_3686,5,0,nominal,0.8844773835442628
A_2660__nom,robust_valid,24.0,12.48,0.52,120.0,55.62852766737342,0.11125491186976433,0.5248686635866762,29.750298759900033,0.2011951678339392,0.6165286357514561,0.021653335634618995,1.711529969703406,50.0,12.557517642405154,2.519031972941315,0.6303993055555556,0.21293254449695054,15.131263870748006,0.6304693279478336,2.532488994191171,2.7701829575093893,0.2022863706421162,0.8629325444969506,0.6606461738548344,1.7725591911452643,4.586725975482864,0.013801609843809846,0.10636308346064263,0.8794741100031597,,,A_2660,6,0,nominal,0.8750083333333338
A_2002__nom,robust_valid,24.0,12.48,0.52,120.0,55.20945693645626,0.6254295045509934,0.48275244859978556,28.544243685901165,0.19362234549596907,0.4997185407206416,0.011035740869119763,1.7199379922822118,50.0,12.33857034204247,2.5085410312089644,0.6045486111111111,0.15497219746240665,14.515364252795171,0.6048068438664654,2.5317771406970873,2.7701829575093893,0.1894236331082832,0.8049721974624067,0.6155485643541234,1.7117974714476063,4.586725975482864,0.017425211801918358,0.09880429006424503,0.8212060871883973,,,A_2002,7,0,nominal,0.8735666666666668
A_3267__nom,robust_valid,24.0,12.48,0.52,120.0,58.803409977816045,0.3377859955653548,0.4950014308094978,24.956813529133797,0.19573678893037139,0.5399106982164085,0.00963913424871862,1.3746571112424135,50.0,12.276173779980919,2.520774538977798,0.5952777777777778,0.16188119143255053,14.285911616562112,0.5952463173567547,2.530630985963625,2.7701829575093893,0.16876914143481986,0.8118811914325506,0.6431120499977308,1.9060273945985695,4.586725975482864,0.016777937403009646,0.08329735707371828,0.8269539614834575,,,A_3267,8,0,nominal,0.8715833333333333
A_844__nom,robust_valid,24.0,12.48,0.52,120.0,49.072251761332154,0.04757462628185749,0.4373628657311201,32.016535364091396,0.19896537955850363,0.5305151860229671,0.01117321883328259,1.3491828618571162,50.0,12.497348160664956,2.5229069234005097,0.6157986111111111,0.19327110887468835,14.785065742183686,0.6160444059243203,2.5292231059779144,2.7701829575093893,0.19430047053748112,0.8432711088746884,0.6489706383372073,1.8656813053520196,4.586725975482864,0.015601764522605272,0.10167278987280413,0.8592199044338252,,,A_844,9,0,nominal,0.8701749999999995
A_838__nom,robust_valid,24.0,12.48,0.52,120.0,38.28480394463986,0.5765205323696136,0.41741227004677056,35.02380163874477,0.1904482499975711,0.5636970432475209,0.014769594781100749,1.0378799056634307,50.0,12.633947900758237,2.5155774330267806,0.6141145833333334,0.17127148184319896,14.744271957127904,0.6143446648803293,2.537055177747718,2.7701829575093893,0.20266258134916715,0.821271481843199,0.6186089004940318,1.7301777820426587,4.586725975482864,0.013427315783248331,0.10971334080513166,0.8378931556341076,,,A_838,10,0,nominal,0.8652666666666676
A_2204__nom,robust_valid,24.0,12.48,0.52,120.0,49.54431240912527,1.0025973860174417,0.5630816013552249,30.597445419989526,0.17138218105770647,0.5269752576947212,0.01310698133893311,1.4702260247431695,50.0,12.57017152598532,2.507265599205469,0.6005555555555555,0.11579443950330015,14.42185002418218,0.6009104176742576,2.5443067496131144,2.7701829575093893,0.22970496176024185,0.7657944395033002,0.5360894777430583,1.3756615377039565,4.586725975482864,0.018724002786659442,0.13650190102172172,0.7856553129011826,,,A_2204,11,0,nominal,0.8632083333333338
A_906__nom,robust_valid,24.0,12.48,0.52,120.0,51.05502406228334,0.9958136100322008,0.5803680868819356,28.279632101766765,0.20636890361085533,0.5550269643776119,0.02043947481550276,1.2052233996801078,50.0,12.629405071716652,2.5037020891017088,0.6433506944444445,0.1696586973321066,15.452312982540679,0.6438463742725283,2.5702853281865035,2.7701829575093893,0.2462049776130766,0.8196586973321066,0.57345371971903,1.4279370563036706,4.586725975482864,0.020216483487663552,0.14290481365531005,0.8372528301286646,,,A_906,12,0,nominal,0.8630000000000001
A_337__nom,robust_valid,24.0,12.48,0.52,120.0,56.702011722140014,1.0309221697971225,0.38435084437951444,34.53674933873117,0.1641359827388078,0.4987633066251874,0.019568082662299275,1.073716064915061,50.0,12.198657829817567,2.4963606986825995,0.6042881944444445,0.1431275536637543,14.506132998858766,0.6044222082857819,2.527736087518658,2.7701829575093893,0.18410406015687625,0.7931275536637543,0.6090234935068781,1.615907644424538,4.586725975482864,0.01247325499778058,0.09412907264362881,0.8087881399139772,,,A_337,13,0,nominal,0.8626083333333348
A_4533__nom,robust_valid,24.0,12.48,0.52,120.0,49.94124437402934,0.9149702237918973,0.3372508526779711,32.00993342790753,0.17725411835126578,0.5615695706568659,0.02218630406074226,1.4557189214974642,50.0,12.28348277680845,2.5122190638707442,0.5933333333333334,0.16309077061593658,14.232338672885547,0.5930141113702311,2.527538588366995,2.7701829575093893,0.13160487074502747,0.8130907706159366,0.6814858998709091,1.8985197328346288,4.586725975482864,0.007521317386290138,0.05564362083071434,0.8263725310095582,,,A_4533,14,0,nominal,0.8601083333333338
A_1720__nom,robust_valid,24.0,12.48,0.52,120.0,45.31950273178518,0.3323839567601681,0.4254621371626854,26.802944978699088,0.18991300124675037,0.5803437859751284,0.013466521091759205,0.9212427348829806,50.0,12.63516377624107,2.530368057074166,0.5790625,0.15164655733402965,13.902488879363801,0.5792703699734917,2.533774514684283,2.7701829575093893,0.14556277456078892,0.8016465573340297,0.6560837827732408,2.0242059156768577,4.586725975482864,0.012065234254996962,0.0677362963154867,0.8160690501584585,,,A_1720,15,0,nominal,0.8563999999999997
A_3817__nom,robust_valid,24.0,12.48,0.52,120.0,39.91974372044206,0.8736724862828851,0.4926746251992881,34.3800430232659,0.21934186480008067,0.5834522865712642,0.017582640275359152,1.6358257727697492,50.0,12.323803851585007,2.5029629287018578,0.6708159722222222,0.21237985271640203,16.100004308177255,0.6708335128407189,2.5920926063843814,2.7701829575093893,0.2580285099717906,0.862379852716402,0.6043513427446114,1.4631494379550012,4.586725975482864,0.016524806551091682,0.14716211038707747,0.8787656356160645,,,A_3817,16,0,nominal,0.8558416666666668
A_4523__nom,robust_valid,24.0,12.48,0.52,120.0,53.564490479417145,0.39215173479169607,0.464808361325413,22.462370973080397,0.1898511745594442,0.5719610130414367,0.014812631886452435,1.620696737896651,50.0,12.479247080631968,2.5333607216279175,0.5518923611111111,0.1189256951933928,13.227690499789182,0.5511537708245492,2.537237785755213,2.7701829575093893,0.11297053046649963,0.7689256951933928,0.6559551647268932,2.09582897388717,4.586725975482864,0.010410673687316671,0.04778632042493548,0.7831078972266992,,,A_4523,17,0,nominal,0.8535249999999996
A_1691__nom,robust_valid,24.0,12.48,0.52,120.0,56.439252256415784,0.7930430648848414,0.3333528658375144,33.56562494765967,0.19195118240080775,0.46366557544097303,0.020319806663319468,0.810652076266706,50.0,12.365956581358741,2.5164610975959163,0.6107986111111111,0.17468045437773716,14.665655574645305,0.6110689822768877,2.536401182921757,2.7701829575093893,0.1609383704396955,0.8246804543777372,0.6637420839380417,1.9040197505004552,4.586725975482864,0.012202808537015705,0.07409339592220364,0.8373830857883413,,,A_1691,18,0,nominal,0.8532833333333336
A_2923__nom,robust_valid,24.0,12.48,0.52,120.0,53.689826156012714,0.32209031749516726,0.41622219858691095,29.277476859278977,0.16524574175477028,0.621882066782564,0.02023092683404684,1.178751787636429,50.0,12.418546161506923,2.529743310849704,0.5831944444444445,0.16079228665509937,13.981128806217063,0.5825470335923776,2.5335812141774756,2.7701829575093893,0.14518150186251466,0.8107922866550994,0.6656107847925847,2.015730789004084,4.586725975482864,0.009571576766107759,0.06807950579225441,0.8258971780193175,,,A_2923,19,0,nominal,0.8440833333333339
A_3108__nom,robust_valid,24.0,12.48,0.52,120.0,50.165224051102996,0.7978141866624355,0.30900797313079237,27.13533228263259,0.19931656918488444,0.5429146292619407,0.024387934450060128,1.52515110373497,50.0,12.534610596586091,2.541621824016304,0.5699479166666667,0.15161268136179473,13.691688595869659,0.5704870248279025,2.5474792899878436,2.7701829575093893,0.08628178820714473,0.8016126813617948,0.71533089315465,2.215557189519945,4.586725975482864,0.00542745446108573,0.0290892188596659,0.8121292410289923,,,A_3108,20,0,nominal,0.8421666666666668
A_2339__nom,robust_valid,24.0,12.48,0.52,120.0,40.31586295366287,1.1115056807175279,0.47289421800523995,33.81307253614068,0.17387311940081418,0.6045584895648062,0.0184678858704865,1.3742925822734833,50.0,12.225709686710916,2.4941913969000735,0.6126909722222222,0.14484627973793562,14.695044971855324,0.6122935404939719,2.5347135441312303,2.7701829575093893,0.21504928735483037,0.7948462797379356,0.5797969923831052,1.4215180636241036,4.586725975482864,0.012613570751023644,0.12061690539100592,0.8136685575564574,,,A_2339,21,0,nominal,0.8381916666666666
A_1494__nom,robust_valid,24.0,12.48,0.52,120.0,49.65350136347115,0.38919541239738464,0.4269441097974777,33.14385028090328,0.17348271695896983,0.4893402688205242,0.019850685428828,1.4717279919423163,50.0,12.422765278570335,2.5200234077200885,0.5522395833333333,0.11129890542235144,13.241961552757516,0.5517483980315632,2.5253423350503206,2.7701829575093893,0.14332518553996468,0.7612989054223515,0.6179737198823868,1.8510457901242403,4.586725975482864,0.010365864192913585,0.07138529113449599,0.7799382598273853,,,A_1494,22,0,nominal,0.8375000000000004
A_3670__nom,robust_valid,24.0,12.48,0.52,120.0,37.859652327373624,0.30321870278567076,0.438155996799469,30.36229378078133,0.1911534569784999,0.6078565027564764,0.005659505389630794,1.6138248736970127,50.0,12.611752770179411,2.5210466976940333,0.6090277777777777,0.1761871204441,14.624646037386409,0.6093602515577671,2.5315236511620625,2.7701829575093893,0.19046269982874667,0.8261871204441,0.6357244206153534,1.8501086492543408,4.586725975482864,0.014395410417665792,0.09900799952752128,0.8417795816122452,,,A_3670,23,0,nominal,0.8370666666666677
A_71__nom,robust_valid,24.0,12.48,0.52,120.0,52.84392302669585,0.02809101529419422,0.33829581942409276,34.66780297923833,0.21712954924441874,0.5285571125335992,0.022083667516708372,1.0162279619835317,50.0,12.283356955923129,2.5382212406948694,0.6280555555555556,0.23827033673027342,15.068588650868909,0.6278578604528712,2.5294423262833154,2.7701829575093893,0.1615263455228669,0.8882703367302734,0.7267439912074065,2.137462362403086,4.586725975482864,0.010615810013616498,0.07271770301080913,0.9000597898888195,,,A_71,24,0,nominal,0.8362499999999998
A_3233__nom,robust_valid,24.0,12.48,0.52,120.0,53.362439266406,0.17764511425048113,0.3031953165307641,26.36676363646984,0.19295542357489467,0.6383488344028592,0.019598366897553204,0.7298330380581319,50.0,12.277697995132915,2.5721062570668503,0.5955381944444444,0.21160250261000213,14.2745753097313,0.5947739712388042,2.5608968417567715,2.7701829575093893,0.09877176261833605,0.8616025026100022,0.7628307399916661,2.522370116347012,4.586725975482864,0.006496481593417039,0.0332746950891723,0.8701178134545527,,,A_3233,25,0,nominal,0.8354333333333334
A_1961__nom,robust_valid,24.0,12.48,0.52,120.0,50.59296772163361,1.1393852150067687,0.4561231189407408,22.6076020905748,0.21538302782922983,0.5821630135178566,0.019421690320596097,1.8516832012683153,50.0,12.20024405400064,2.4966151797489524,0.5971006944444445,0.1518298805124072,14.326593166656775,0.5969413819440322,2.517822290366312,2.7701829575093893,0.14246105278152185,0.8018298805124072,0.6593688277308853,1.753029957609321,4.586725975482864,0.01152308042030454,0.06102113061219112,0.815048132694816,,,A_1961,26,0,nominal,0.8325833333333337
A_1732__nom,robust_valid,24.0,12.48,0.52,120.0,54.48776736482978,1.133962456136942,0.49770956877619027,28.358687604777515,0.17453502690419553,0.5297967278398573,0.008043056800961495,1.8697139252908528,50.0,12.361038212418066,2.4907596178952858,0.62,0.14005934521261654,14.874574877311963,0.6197739532213318,2.5395379447013946,2.7701829575093893,0.21924465975117252,0.7900593452126166,0.570814685461444,1.4472512843929635,4.586725975482864,0.019158018859862493,0.12065801877086024,0.8065339468182796,,,A_1732,27,0,nominal,0.8296333333333338
A_4082__nom,robust_valid,24.0,12.48,0.52,120.0,56.47908130288124,0.03330741450190544,0.34538658820092677,24.54143623355776,0.19471033038571478,0.6241685558110476,0.011253865789622067,1.5060363258235157,50.0,12.579932114962256,2.5615838531140813,0.5882986111111111,0.20259640872539908,14.09756234295973,0.5873984309566554,2.5522798622668157,2.7701829575093893,0.1003823937165334,0.8525964087253991,0.7522140150088656,2.4095030400789406,4.586725975482864,0.0074716917634757105,0.03525248482218697,0.8624542466742363,,,A_4082,28,0,nominal,0.8294083333333335
A_4312__nom,robust_valid,24.0,12.48,0.52,120.0,46.04643768444657,0.9364990163594484,0.4128532262519002,25.26092282962054,0.2082539546955377,0.6265438133850694,0.010815924815833568,1.5105527718551457,50.0,12.516792494736823,2.5088085780846203,0.6300694444444445,0.1964467542759204,15.115611328159565,0.6298171386733152,2.5347818309839245,2.7701829575093893,0.1701012828399006,0.8464467542759204,0.6763454714360198,1.8435561025002702,4.586725975482864,0.013045587221505494,0.07647276544367299,0.8581697736481144,,,A_4312,29,0,nominal,0.82577122366456
A_1656__nom,robust_valid,24.0,12.48,0.52,120.0,38.43763927090913,1.522042902186513,0.3647970987483859,39.02963896282017,0.20735451333224775,0.5899802980013191,0.02175277791917324,1.8855791874229908,50.0,12.391915647019735,2.4700446443804025,0.6701909722222222,0.2170562641214595,16.0792012667334,0.669966719447225,2.5550357963445554,2.7701829575093893,0.2239415101054794,0.8670562641214595,0.6431147540159801,1.3259082482929228,4.586725975482864,0.009935782562311115,0.11154728121269925,0.8823544322726372,,,A_1656,30,0,nominal,0.8242166666666665
A_2476__nom,robust_valid,24.0,12.48,0.52,120.0,54.65152204781771,0.38488867320120335,0.3780252763070166,30.111886798404157,0.17596291893161833,0.5468466253019869,0.023894503293558956,1.7647869340144098,50.0,12.18504605235201,2.5322095350264617,0.5584375,0.1411841610900848,13.399691898180185,0.5583204957575078,2.537348807221315,2.7701829575093893,0.10582248205510426,0.7911841610900848,0.6853616790349806,2.096266943513821,4.586725975482864,0.006622087747262789,0.043644034670337985,0.8063260925365137,,,A_2476,31,0,nominal,0.823016666666667
A_2389__nom,robust_valid,24.0,12.48,0.52,120.0,58.100741545669734,0.27515999134629965,0.31521441992372273,32.460025725886226,0.20249719997867943,0.5475146051496267,0.01623738798312843,1.907364608719945,50.0,12.291926526267085,2.5435114386023203,0.6217361111111112,0.236157547384653,14.933278308292358,0.6222199295121816,2.5365733206932215,2.7701829575093893,0.13152743206186698,0.886157547384653,0.754630115322786,2.2219691843655447,4.586725975482864,0.008148463165718519,0.05127141202901941,0.8963686999586965,,,A_2389,32,0,nominal,0.8205152826820499
A_2211__nom,robust_valid,24.0,12.48,0.52,120.0,56.533099374733865,0.5959297036752105,0.5174255922436715,28.921908889897168,0.20743058159947395,0.5521866274066269,0.026192826787009835,1.125692937988788,50.0,12.261940445850225,2.510608360524362,0.6279340277777777,0.18679078623694667,15.065888630399101,0.6277453595999626,2.5426485709750657,2.7701829575093893,0.20663531669752216,0.8367907862369467,0.6301554695394245,1.6929735082968012,4.586725975482864,0.015980227258794416,0.11058135868869912,0.8529805221391755,,,A_2211,33,0,nominal,0.8190750000000004
A_1515__nom,robust_valid,24.0,12.48,0.52,120.0,45.86057866830379,0.20664064306765795,0.4692098071798682,24.111694707535207,0.197967718988657,0.6071742999367415,0.021313091553747655,1.6920061339624226,50.0,12.424495457604984,2.5347079557334764,0.5485069444444445,0.12772405673549492,13.144141948519245,0.5476725811883019,2.5362373159374814,2.7701829575093893,0.10996357245689291,0.7777240567354949,0.667760484278602,2.103503349687675,4.586725975482864,0.00851934525967235,0.04725025744316919,0.793518529803169,,,A_1515,34,0,nominal,0.8173416666666669
A_710__nom,robust_valid,24.0,12.48,0.52,120.0,56.11594932898879,1.0920965764671564,0.3230295956134796,27.810171274468303,0.15619758062064648,0.5795943362638354,0.0070440676342695945,1.4620998702012002,50.0,12.375775895726264,2.511591348188298,0.6019618055555556,0.15132892429633038,14.446246871351827,0.6019269529729928,2.5312155247717927,2.7701829575093893,0.1404982355817788,0.8013289242963304,0.6608306887145516,1.9036761217338594,4.586725975482864,0.009949336164859086,0.05773658393126997,0.8121007747431908,,,A_710,35,0,nominal,0.8164333333333339
A_4294__nom,robust_valid,24.0,12.48,0.52,120.0,52.12623373232782,0.3815619684755802,0.5474721716716886,28.40552649460733,0.16069276470690966,0.6149623128585517,0.0186912761349231,1.53234242182225,50.0,12.430276326378205,2.5171323130126018,0.5679861111111111,0.12053004534438305,13.631022738998126,0.5679592807915886,2.526342765381618,2.7701829575093893,0.17342008302479114,0.7705300453443831,0.5971099623195919,1.7254474520558474,4.586725975482864,0.012366734723398097,0.09352705308579246,0.7901133075387363,,,A_4294,36,0,nominal,0.8162083333333339
A_3945__nom,robust_valid,24.0,12.48,0.52,120.0,56.91761052142829,0.45185075607150793,0.4668834858573973,26.78040999919176,0.18303600845858453,0.5592122863978147,0.02485722734592855,0.8641596022062004,50.0,12.562268885265105,2.5239398752562643,0.5788368055555555,0.14232112133760155,13.895974519035695,0.578998938293154,2.5319389033397965,2.7701829575093893,0.15403704944726196,0.7923211213376016,0.6382840718903396,1.9272408743109508,4.586725975482864,0.012654384720593678,0.07511816313217162,0.8078695787949022,,,A_3945,37,0,nominal,0.8148500000000003
A_1903__nom,robust_valid,24.0,12.48,0.52,120.0,50.1431448161602,0.5835839873179793,0.5621409161947668,25.221371771767735,0.18996627466753124,0.6346294179558754,0.009906761152669787,0.5826037270016968,50.0,12.313881300145386,2.510047621341073,0.6373611111111112,0.1811860221982381,15.298747098568128,0.637447795773672,2.5540828634762796,2.7701829575093893,0.23116750647526513,0.8311860221982381,0.6000185157229729,1.6700071281673168,4.586725975482864,0.020890389420766844,0.12931366218473223,0.8466068983152133,,,A_1903,38,0,nominal,0.8114919857446125
A_2935__nom,robust_valid,24.0,12.48,0.52,120.0,58.16629477031529,0.4200987545773387,0.5564583588391543,36.36659507639706,0.19468095695599913,0.4906102802604437,0.022906381404027343,1.709475077688694,50.0,12.604993567881921,2.5275587583399624,0.6362152777777778,0.17926256734755175,15.275682336893713,0.636486764037238,2.575308601927371,2.7701829575093893,0.24459774737917453,0.8292625673475518,0.5846648199683773,1.497741725355557,4.586725975482864,0.01727053381075417,0.14374812371392873,0.8496418651749883,,,A_2935,39,0,nominal,0.8108583333333333
A_1431__nom,robust_valid,24.0,12.48,0.52,120.0,56.24642752390355,1.2801308082416654,0.5258608471602202,25.67808267660439,0.17819975400343538,0.5077223773114383,0.015420877262949943,1.093453070614487,50.0,12.548784533985032,2.488276776419765,0.5840972222222223,0.09678208805757582,14.00108359521199,0.5833784831338329,2.51424813875571,2.7701829575093893,0.1958845810235052,0.7467820880575758,0.5508975070340707,1.4330296983299033,4.586725975482864,0.018568838508954383,0.10597459523070406,0.7636756971017922,,,A_1431,40,0,nominal,0.8090083333333328
A_4159__nom,robust_valid,24.0,12.48,0.52,120.0,55.61832315567881,0.2716216715052724,0.4846651663072407,27.622558972798288,0.20416254698298872,0.6282268101349473,0.026026147278025744,1.3892612182535231,50.0,12.3544763038956,2.5235929899146905,0.61625,0.20631996450917822,14.793745266835202,0.6164060527848001,2.530324971295429,2.7701829575093893,0.17093686302005798,0.8563199645091782,0.6853831014891203,1.9256517624185783,4.586725975482864,0.011670731530421165,0.08293435573830825,0.8711346547089632,,,A_4159,41,0,nominal,0.8087583333333337
A_3348__nom,robust_valid,24.0,12.48,0.52,120.0,54.02761532831937,0.5772664211690426,0.623951633181423,26.4575151540339,0.19500846876762806,0.5238941354677081,0.013609636723995209,1.7933476865291595,50.0,12.628908016681399,2.5131228867739255,0.59515625,0.13101434129545209,14.28061818258362,0.5950257576076509,2.5360563504862563,2.7701829575093893,0.21005310122020837,0.7810143412954521,0.5709612400752437,1.5557041009962036,4.586725975482864,0.020333096930806295,0.11981741178395622,0.800492439447557,,,A_3348,42,0,nominal,0.8040833333333328
A_1800__nom,robust_valid,24.0,12.48,0.52,120.0,49.1663401639089,1.0904401978477836,0.38696206752210854,32.51306952908635,0.1822938678599894,0.5993219547905028,0.02259424416348338,1.2805971400812268,50.0,12.38307340666762,2.4952111155652807,0.6320486111111111,0.18890581315542676,15.168781567680677,0.6320325653200282,2.533274118158541,2.7701829575093893,0.18648869703050772,0.8389058131554268,0.652417116124919,1.6504130399490233,4.586725975482864,0.010588581530536907,0.09071576147793042,0.8530244647785359,,,A_1800,43,0,nominal,0.8008391025878437
A_2591__nom,robust_valid,24.0,12.48,0.52,120.0,50.48066724278033,1.0910765212029219,0.49017864018678664,24.502210719510913,0.20569517473690213,0.4562668823637068,0.007891293279826642,1.9551529833115637,50.0,12.649759673051339,2.494634357951079,0.5670833333333334,0.09550212853455997,13.60748566255089,0.5669785692729538,2.507203023825501,2.7701829575093893,0.16370261572552144,0.74550212853456,0.5817995128090385,1.6090463746528685,4.586725975482864,0.018344311548609167,0.08128723690589444,0.7613557632081077,,,A_2591,44,0,nominal,0.7980583333333331
A_3502__nom,robust_valid,24.0,12.48,0.52,120.0,55.38468215614557,0.3418111391365528,0.44259590534493326,32.2946219984442,0.15489093075506388,0.6470673268660903,0.02101685553789139,1.4033075948245823,50.0,12.36304031780818,2.521845815517355,0.5968402777777778,0.17078261069942047,14.323433289705795,0.5968097204044082,2.5307891301215584,2.7701829575093893,0.17071577530348378,0.8207826106994205,0.6500668353959367,1.862578432392949,4.586725975482864,0.009722324026982204,0.08664200265933239,0.8376113574305905,,,A_3502,45,0,nominal,0.7975666666666671
A_4400__nom,robust_valid,24.0,12.48,0.52,120.0,53.73876763321459,0.06078662350773811,0.34331145621836184,31.215828848071396,0.17049029329791665,0.619650418870151,0.023724834015592933,0.7510369899682701,50.0,12.507822097056245,2.546388263502326,0.59125,0.19233832916778826,14.179415869044197,0.5908089945435082,2.5390025930122233,2.7701829575093893,0.13239130963148818,0.8423383291677883,0.7099470195363001,2.224250740344629,4.586725975482864,0.008212043811575497,0.05702784773583855,0.8550188413416611,,,A_4400,46,0,nominal,0.7954166666666673
A_119__nom,robust_valid,24.0,12.48,0.52,120.0,35.88437371328473,0.553291822783649,0.4425067624077201,33.04592131637037,0.19133585395291447,0.6472235948778688,0.008936404148116707,1.093088184017688,50.0,12.625225969318523,2.514857926991862,0.6434895833333333,0.19853132685859343,15.459202706631098,0.6441334461096291,2.554536961663085,2.7701829575093893,0.23181843100441632,0.8485313268585934,0.6167128958541771,1.7028287574685568,4.586725975482864,0.015219463978475711,0.12897448401945863,0.863900580552922,,,A_119,47,0,nominal,0.7954000000000002
A_1908__nom,robust_valid,24.0,12.48,0.52,120.0,59.47664434555918,0.39348363038152456,0.31856160908937453,34.073201292194426,0.2020467373728752,0.510708695743233,0.028889297638088465,0.7526649748906493,50.0,12.651107072535156,2.540029891220866,0.6187847222222222,0.21782579463297302,14.864208414130257,0.6193420172554274,2.541994408460149,2.7701829575093893,0.14855997847320157,0.867825794632973,0.7192658161597715,2.147637286636045,4.586725975482864,0.009770337809724654,0.06428024668921424,0.8790322194032854,,,A_1908,48,0,nominal,0.793641666666666
A_2116__nom,robust_valid,24.0,12.48,0.52,120.0,47.57124806754291,1.243549358099699,0.315822512563318,23.17882674280554,0.202798691149801,0.5493294668383897,0.011000221073627471,0.9774276823736727,50.0,12.36886921579686,2.519159996367122,0.5881597222222222,0.13948457958716154,14.099980077120843,0.5874991698800351,2.531781360285417,2.7701829575093893,0.11232958140004978,0.7894845795871616,0.6771549981871118,2.0053541804323936,4.586725975482864,0.009033261914460959,0.03961308987320353,0.798793121816784,,,A_2116,49,0,nominal,0.793511629692043
A_1216__nom,robust_valid,24.0,12.48,0.52,120.0,41.610143716447055,1.3672207267954946,0.5350262203253806,32.938744109123945,0.19042085209861398,0.5190837877802551,0.021085440656170247,1.4149580029770732,50.0,12.461187823135907,2.4955909124098374,0.599375,0.11298049012957578,14.391536001317121,0.5996473333882134,2.5353377178600924,2.7701829575093893,0.22690504755392038,0.7629804901295758,0.5360754425756554,1.2304802475482268,4.586725975482864,0.015574325687919615,0.1329172509505314,0.7841196598446765,,,A_1216,50,0,nominal,0.792275
A_755__nom,robust_valid,24.0,12.48,0.52,120.0,40.16694007907063,0.1798289129510522,0.5976329936645925,35.134461666457355,0.1966028022766113,0.5986931262537837,0.020284112188965083,1.4393055667169392,50.0,12.35296458936459,2.5359577453787576,0.6298784722222223,0.17201868869584036,15.127123649647132,0.6302968187352972,2.5789079271453077,2.7701829575093893,0.2555247116593987,0.8220186886958404,0.5664939770364417,1.5156216613416478,4.586725975482864,0.015935837351499883,0.15797050685385722,0.8436430577872569,,,A_755,51,0,nominal,0.7921666666666667
A_225__nom,robust_valid,24.0,12.48,0.52,120.0,52.246970878914,0.265541709959507,0.4397309494204819,27.941041234880686,0.20807050003670155,0.47978400234133,0.0024448328744620085,1.4563289801590145,50.0,12.536163888459521,2.523747934986173,0.605,0.172362854183865,14.524682748088122,0.6051951145036717,2.5317169532262542,2.7701829575093893,0.18106511458349442,0.822362854183865,0.6412977396003706,1.917141458001313,4.586725975482864,0.019200480472679655,0.09105793295987455,0.8369759283836689,,,A_225,52,0,nominal,0.789766666666667
A_3129__nom,robust_valid,24.0,12.48,0.52,120.0,37.52307546045631,1.793059827759862,0.3700874514877796,26.718427315354347,0.19515788911841808,0.6170703718438745,0.008477347595617175,1.6768618091009557,50.0,12.47386360525811,2.463053035872289,0.6231770833333333,0.14988288047427312,14.937185174409567,0.6223827156003986,2.506419496410261,2.7701829575093893,0.1917281916284308,0.7998828804742731,0.6081546888458423,1.3945418780562187,4.586725975482864,0.012835306216306895,0.09078485735593754,0.8142659001190514,,,A_3129,53,0,nominal,0.7894750000000004
A_4206__nom,robust_valid,24.0,12.48,0.52,120.0,51.01079037040472,1.8276392351835966,0.31484568417072295,26.280013476498425,0.18433299945667386,0.5211593738757074,0.015017708139494062,1.0796638131141663,50.0,12.380698371070988,2.470253941008575,0.6039236111111111,0.12418866007298657,14.491630535756254,0.6038179389898439,2.4998460155563755,2.7701829575093893,0.16208994392128526,0.7741886600729866,0.6120987161517013,1.5187935208448655,4.586725975482864,0.011564545123517228,0.06864526608885288,0.7862177535675089,,,A_4206,54,0,nominal,0.7883500000000003
A_4728__nom,robust_valid,24.0,12.48,0.52,120.0,46.85512212663889,0.28782415855675936,0.5793383193202317,37.969174846075475,0.1740738573297858,0.5024931744672358,0.020541937854140997,1.269638866186142,50.0,12.456550361885167,2.543248441469248,0.5926215277777778,0.12254485697795037,14.225202900355182,0.5927167875147993,2.5670501563751955,2.7701829575093893,0.23955468467601443,0.7725448569779504,0.5329901723019359,1.4745112882460663,4.586725975482864,0.016125935006596506,0.15069915351931645,0.7963550782906561,,,A_4728,55,0,nominal,0.7858083333333337
A_1714__nom,robust_valid,24.0,12.48,0.52,120.0,34.189534856937826,0.48486503027379513,0.414177948795259,36.35241194162518,0.19840881009586156,0.6228989254683257,0.009812151314690709,1.3248308920301497,50.0,12.44449443278658,2.5158418467892973,0.64921875,0.20894544408427995,15.587736415626452,0.6494890173177689,2.5568299199618263,2.7701829575093893,0.23399462665015316,0.85894544408428,0.6249508174341268,1.7173666539176202,4.586725975482864,0.014249145780142884,0.12996032562324508,0.8742383878891384,,,A_1714,56,0,nominal,0.7853479033779341
A_1754__nom,robust_valid,24.0,12.48,0.52,120.0,48.40859183482826,0.18341206200420856,0.3669668177142739,25.307925632223487,0.19694126057438552,0.5194057051092387,0.015889141196385025,1.9391107289120555,50.0,12.437192124026884,2.5533561812200474,0.5348090277777777,0.11770181105342781,12.846656623530563,0.5352773593137735,2.5525067084063346,2.7701829575093893,0.08135030434597525,0.7677018110534278,0.6863515067074526,2.3252660645093437,4.586725975482864,0.006655003246825679,0.02958400725668814,0.7808155005342121,,,A_1754,57,0,nominal,0.7838333333333333
A_1975__nom,robust_valid,24.0,12.48,0.52,120.0,46.97032818663865,0.1684235678985715,0.31681588077917694,31.864484753459692,0.1579432310629636,0.5937443626113236,0.012018751222640275,1.970518886577338,50.0,12.323706113351976,2.5477854112026552,0.5607638888888888,0.15281438263077285,13.458374153153908,0.5607655897147462,2.546680777420777,2.7701829575093893,0.10210509023160629,0.8028143826307729,0.7007092923991666,2.264351364055276,4.586725975482864,0.00607467124140755,0.04018462873851596,0.8161490517842375,,,A_1975,58,0,nominal,0.7837833333333325
A_456__nom,robust_valid,24.0,12.48,0.52,120.0,46.00784037541598,0.42636046931147575,0.5944456194527448,29.802884911186993,0.18892201548442245,0.5604823000729084,0.022272394951432944,1.0016135340556502,50.0,12.604880052624669,2.522970772742765,0.5907986111111111,0.13073205820756395,14.181330773804387,0.5908887822418495,2.5415208555719584,2.7701829575093893,0.21511914914950162,0.780732058207564,0.5656129090580624,1.5945292682651369,4.586725975482864,0.016880100617151256,0.12699630653649932,0.8012811827805267,,,A_456,59,0,nominal,0.7815250000000001
A_3130__nom,robust_valid,24.0,12.48,0.52,120.0,53.79740250483155,0.5091246608644724,0.43269021129235624,24.186053038574755,0.16921999813988806,0.5533058011904359,0.002245005061849952,1.5469408235512674,50.0,12.436180117476445,2.52597281205147,0.5646354166666666,0.11921213120519802,13.550212851567826,0.5645922021486595,2.5328587269229565,2.7701829575093893,0.13610062500242742,0.769212131205198,0.6331115062027706,2.0071942164359116,4.586725975482864,0.013435164079196196,0.061286564302782114,0.7828280105524789,,,A_3130,60,0,nominal,0.7813999999999997
A_1088__nom,robust_valid,24.0,12.48,0.52,120.0,51.42276103142649,0.7579417917877436,0.6548569451086224,27.322216918691993,0.1776164283975959,0.5574017455801368,0.019448028272017834,0.7619608980603516,50.0,12.49647338567453,2.517750683728278,0.5978645833333334,0.11333682493158304,14.348780623941073,0.597865859330878,2.5523174910362765,2.7701829575093893,0.2369431514799835,0.7633368249315831,0.5263936734515996,1.438433042728074,4.586725975482864,0.021271986982290075,0.14544731010353218,0.7834971682402891,,,A_1088,61,0,nominal,0.7799666666666667
A_2126__nom,robust_valid,24.0,12.48,0.52,120.0,36.746118790470064,1.114780431613326,0.5232740395702422,38.978220922872424,0.21177299085073173,0.5073648363351821,0.014596569472923874,1.4044075631536543,50.0,12.518888479213231,2.5231156511391157,0.6727256944444444,0.1740788007830696,16.15350538452463,0.673062724355193,2.6609890551371307,2.7701829575093893,0.2983532933645053,0.8240788007830696,0.5257255074185643,1.2267355709881642,4.586725975482864,0.02028846357108202,0.1898139079855096,0.8441189353203535,,,A_2126,62,0,nominal,0.7787750000000002
A_743__nom,robust_valid,24.0,12.48,0.52,120.0,54.645147828385234,0.9960978822782636,0.6229449153877795,22.727102325297892,0.1829505382478237,0.6330314857885242,0.009310773331671953,1.1985452538356185,50.0,12.551556466059083,2.497847857164452,0.6256597222222222,0.14829251113900677,15.003494129832868,0.6251455887430362,2.546827811867563,2.7701829575093893,0.22687148355278378,0.7982925111390068,0.571421027586223,1.496592410886891,4.586725975482864,0.02158537510430025,0.12732682237265552,0.8145995621329307,,,A_743,63,0,nominal,0.7778416666666665
A_853__nom,robust_valid,24.0,12.48,0.52,120.0,48.842182371765375,0.7917701136320829,0.40619651339948176,26.757687241770327,0.21832071625627578,0.49042379967868327,0.00957488989457488,0.6175221907906234,50.0,12.663663582618046,2.5148823472666315,0.6118055555555556,0.1685996758337004,14.685837080465507,0.6119098783527295,2.5342289940480596,2.7701829575093893,0.1713166259707205,0.8185996758337004,0.6472830498629799,1.8668437002819573,4.586725975482864,0.017065193890970595,0.08087579624526423,0.8313168782476177,,,A_853,64,0,nominal,0.7775000000000004
A_424__nom,robust_valid,24.0,12.48,0.52,120.0,51.04395894706249,1.129126651212573,0.3215514376759529,33.74805977102369,0.20762359792366625,0.4830244670622051,0.027137338640168308,0.9101985632441938,50.0,12.273304836405652,2.5008244701250346,0.6245486111111112,0.18535467704980824,14.974909605764443,0.6239545669068518,2.5305135469633036,2.7701829575093893,0.1629552069090901,0.8353546770498083,0.6723994701407181,1.770783588156546,4.586725975482864,0.010585436373753018,0.07285252247484018,0.8477631099520737,,,A_424,65,0,nominal,0.7768333333333334
A_1842__nom,robust_valid,24.0,12.48,0.52,120.0,50.463880352675915,0.8131470568478107,0.3266301389783621,31.070546880364418,0.16430327504873277,0.5344919048249721,0.00207198953256011,1.1752004604786634,50.0,12.611987643953071,2.5182549041556315,0.6083854166666667,0.1655543481153955,14.606859885575991,0.6086191618989997,2.5355677025167283,2.7701829575093893,0.16071687969240214,0.8155543481153955,0.6548374684229934,1.9255745807258926,4.586725975482864,0.012559613221091793,0.07254675702969257,0.8273875549804793,,,A_1842,66,0,nominal,0.7766750000000007
A_807__nom,robust_valid,24.0,12.48,0.52,120.0,56.04025994986296,1.696011884137988,0.4218711524270475,32.90993387810886,0.1704699813108891,0.5524415942840278,0.024380325274541974,1.365903949830681,50.0,12.419063982479774,2.4703797889933403,0.6428819444444445,0.15546554633424492,15.434884824146485,0.6431202010061036,2.54737655781929,2.7701829575093893,0.2279646238920711,0.8054655463342449,0.5775009224421739,1.2448299039734094,4.586725975482864,0.013014100554776007,0.12074963398633148,0.8219423503687853,,,A_807,67,0,nominal,0.7757583333333334
A_3666__nom,robust_valid,24.0,12.48,0.52,120.0,48.2942633042112,1.5390764074400067,0.33473939141258596,28.78656329587102,0.20611184359528123,0.48908243644982574,0.01956150697544217,1.044015929568559,50.0,12.362888872181342,2.480929322211524,0.6111979166666667,0.14801677252844458,14.662179223459088,0.6109241343107953,2.5115642707373222,2.7701829575093893,0.1632116893858554,0.7980167725284446,0.6348050831425892,1.5954067900146618,4.586725975482864,0.012011252901756071,0.07192168282611157,0.8107910835918405,,,A_3666,68,0,nominal,0.7738916666666663
A_4000__nom,robust_valid,24.0,12.48,0.52,120.0,38.6894157808274,0.7089542699977756,0.39011952485889195,27.699268544092774,0.21875703500583768,0.6031728190369905,0.011868623290210961,0.7164195692166686,50.0,12.419387558817848,2.5187867710366425,0.6244965277777778,0.19657441898814088,14.976713799353728,0.6240297416397387,2.5365750323625336,2.7701829575093893,0.17272610098215566,0.8465744189881409,0.6738483180059852,1.932276428997093,4.586725975482864,0.013379311691161251,0.0801466498784092,0.8586426406047984,,,A_4000,69,0,nominal,0.7704333333333337
A_194__nom,robust_valid,24.0,12.48,0.52,120.0,49.35110470186919,0.859570643864572,0.34423433868214487,35.435810782946646,0.21036462660878896,0.5876640118658543,0.023827304206788538,1.7295158505439758,50.0,12.48829964380482,2.506067190914108,0.6561631944444445,0.24440039814993153,15.749525487804357,0.6562302286585149,2.5383755424019734,2.7701829575093893,0.17637018046145922,0.8944003981499316,0.7180302176884723,1.8084148778866591,4.586725975482864,0.008803779986573204,0.07753364103147156,0.9056971544085237,,,A_194,70,0,nominal,0.7701611759623692
A_1084__nom,robust_valid,24.0,12.48,0.52,120.0,41.07200913783163,0.7054935414344072,0.5825426370836795,28.864044840447605,0.19722204012796282,0.6278532085940243,0.0173129057418555,1.265081333462149,50.0,12.642980542414943,2.5128076359883194,0.62453125,0.1623370266123092,14.980455229482592,0.6241856345617747,2.552729159818829,2.7701829575093893,0.23282738049520776,0.8123370266123092,0.5795096461171014,1.5286865538064753,4.586725975482864,0.01703218570592447,0.13572875603779413,0.8310053897146586,,,A_1084,71,0,nominal,0.7690667100485976
A_1264__nom,robust_valid,24.0,12.48,0.52,120.0,29.529165686108172,1.0543248653411865,0.3687903263606131,34.83001464512199,0.21602713176049293,0.637951438035816,0.007953422907739878,1.4434755146503448,50.0,12.593012546708653,2.495684567527096,0.6569270833333334,0.21120374808919962,15.76830588425652,0.657012745177355,2.551322711851602,2.7701829575093893,0.223615684610892,0.8612037480891996,0.6375880634783077,1.6067486131681552,4.586725975482864,0.013183034798260723,0.11661455640659268,0.8749749587334253,,,A_1264,72,0,nominal,0.7672999999999996
A_1757__nom,robust_valid,24.0,12.48,0.52,120.0,53.501363100484014,0.4612874239683151,0.34139134380966424,30.51395391114056,0.15531855992041527,0.4867573479190469,0.00870791888795793,1.1394146736711264,50.0,12.320813246133403,2.5332961315075284,0.5471180555555556,0.10289373243410538,13.110539746407227,0.5462724894336345,2.5379417312137784,2.7701829575093893,0.1176853467195143,0.7528937324341054,0.6352083857145912,2.0957137922949736,4.586725975482864,0.009805456789525591,0.05108534615203566,0.7667480395374892,,,A_1757,73,0,nominal,0.7668083333333328
A_949__nom,robust_valid,24.0,12.48,0.52,120.0,44.02818835247308,0.6056091478094459,0.5000479134730995,29.674122207798064,0.17245238519273698,0.525160132534802,0.003538083331659436,1.5724155926145613,50.0,12.313349044817613,2.509429153882061,0.5838888888888889,0.11714252573501116,14.000299587078132,0.5833458161282555,2.5290891962374222,2.7701829575093893,0.20137061435865738,0.7671425257350112,0.5657719113763537,1.6239972763240622,4.586725975482864,0.018469387363046246,0.11350281013241255,0.7853412481251753,,,A_949,74,0,nominal,0.7657250000000004
A_3011__nom,robust_valid,24.0,12.48,0.52,120.0,54.85540143493563,1.875277834944427,0.43021896639838814,27.16414707712829,0.17989457620307803,0.5282267141155899,0.02109110791236162,1.4438459905795753,50.0,12.217482102991328,2.458072460399529,0.6073611111111111,0.11404875015523186,14.57671373621036,0.6073630723420983,2.5051742247879023,2.7701829575093893,0.20088940142271053,0.7640487501552319,0.5631593487325214,1.2437572361173106,4.586725975482864,0.014208608260056169,0.10098692440656114,0.7800842357838765,,,A_3011,75,0,nominal,0.765425
A_59__nom,robust_valid,24.0,12.48,0.52,120.0,43.769047133624554,1.4880710039287806,0.4066675465553999,33.09072468429804,0.16689898288808763,0.5817201604135335,0.016198770515620707,1.9428151990287006,50.0,12.522628141661958,2.475045317631498,0.60734375,0.13787695060527483,14.576445085938166,0.6073518785807569,2.510757233133376,2.7701829575093893,0.1916668374730289,0.7878769506052749,0.5962101131322459,1.3677173628072068,4.586725975482864,0.010768125316839626,0.09739584386604375,0.8052851663651791,,,A_59,76,0,nominal,0.7650666666666665
A_3851__nom,robust_valid,24.0,12.48,0.52,120.0,51.401658120565116,0.6264695869758725,0.40745369968935846,25.33356014639139,0.16819781166501344,0.620151458028704,0.003911695461720228,1.3223657310009003,50.0,12.327825014908885,2.5228011887230126,0.5961458333333334,0.15917461066374983,14.306974019373726,0.5961239174739053,2.5350836561970445,2.7701829575093893,0.15110445337550898,0.8091746106637498,0.6580701572882408,1.9859530225663775,4.586725975482864,0.012529214722173486,0.06781543432486743,0.8216377260775974,,,A_3851,77,0,nominal,0.7650083333333331
A_2566__nom,robust_valid,24.0,12.48,0.52,120.0,52.538248378783464,0.31081542558968067,0.3338446795940399,21.57631819602102,0.1853828446008265,0.5649678627029061,0.009108648179098964,1.2308504916727543,50.0,12.295874428077358,2.5745050518339507,0.5408854166666667,0.11615460327958504,12.952581636915998,0.5396909015381666,2.5742061713230706,2.7701829575093893,0.06868151429297176,0.7661546032795851,0.6974730889866133,2.546861926691155,4.586725975482864,0.005978877578298202,0.020914434958428357,0.775287664344195,,,A_2566,78,0,nominal,0.7639750000000005
A_3432__nom,robust_valid,24.0,12.48,0.52,120.0,44.875411371700466,0.9124295152723789,0.5516660545952619,28.020666637457907,0.17976184391416608,0.586140519939363,0.007783340625464916,1.1715607475489378,50.0,12.374114839537228,2.501914550985577,0.62046875,0.1436598912143442,14.886671527514888,0.6202779803131203,2.549381750708837,2.7701829575093893,0.23423279190351226,0.7936598912143442,0.5594270993108319,1.4708343326507456,4.586725975482864,0.0199854662633462,0.13644841233784555,0.811420539766661,,,A_3432,79,0,nominal,0.7638851623133445
A_580__nom,robust_valid,24.0,12.48,0.52,120.0,56.82021369505674,0.7378830844536424,0.4124014821834862,22.55467905662954,0.18696644284762443,0.4874371585436165,0.015808379435911773,1.5621275873854756,50.0,12.365804829412179,2.5289892116373296,0.5252604166666667,0.07155331330672665,12.60659047472035,0.525274603113348,2.5299646613521887,2.7701829575093893,0.09446214621566452,0.7215533133067267,0.6270911670910622,2.079643819769751,4.586725975482864,0.009385262342295616,0.03690806227505758,0.7342966764974135,,,A_580,80,0,nominal,0.7637166666666665
A_310__nom,robust_valid,24.0,12.48,0.52,120.0,57.251544412225485,0.6940282015129924,0.5529380293563009,23.277192637324333,0.2089272610563785,0.45409030159935354,0.005946993269026279,1.8757577217184007,50.0,12.407906036828432,2.5061822622292946,0.5703125,0.10626018273409388,13.684698401012563,0.5701957667088567,2.5202845439380197,2.7701829575093893,0.17058811400288468,0.7562601827340939,0.5856720687312092,1.7077096871340582,4.586725975482864,0.021764013474450342,0.0879254312754845,0.7726871117480903,,,A_310,81,0,nominal,0.7628499999999999
A_4357__nom,robust_valid,24.0,12.48,0.52,120.0,32.83992532175034,1.022769550792873,0.5607820141129196,36.39191973954439,0.21731170089915394,0.633330431394279,0.010719396974891424,0.7734640152193606,50.0,12.44991766123822,2.5307881301666173,0.7490972222222222,0.21991514938127166,17.988609936728828,0.7495254140303679,3.004093851995074,2.7701829575093893,0.3654288493416047,0.8699151493812717,0.504486300039667,1.2416454281652987,4.586725975482864,0.023992066052865246,0.24593158329601822,0.886842707419749,,,A_4357,82,0,nominal,0.7622000000000005
A_1390__nom,robust_valid,24.0,12.48,0.52,120.0,51.497534707188606,1.0619232170283794,0.4633055987767875,23.341771918348968,0.1866910404432565,0.5115931304171681,0.02285070575773716,0.8904621219262481,50.0,12.604323648090148,2.503764181917122,0.5370833333333334,0.06891566679711991,12.875776379755365,0.5364906824898069,2.5067264845630626,2.7701829575093893,0.13077514411850055,0.7189156667971199,0.5881405226786194,1.7657283467594809,4.586725975482864,0.01252113385879143,0.06007938401244576,0.7336544230836511,,,A_1390,83,0,nominal,0.7612666666666664
A_2059__nom,robust_valid,24.0,12.48,0.52,120.0,55.36335394252092,1.6128133842721581,0.34393860418349503,27.51954219304025,0.1873556656949222,0.6085444354452193,0.022599796587601303,1.5783693953417242,50.0,12.494853593384217,2.4776881052120183,0.6395833333333333,0.18435989478412218,15.359111516793087,0.6399629798663786,2.5223047214612624,2.7701829575093893,0.1696626014721984,0.8343598947841222,0.6646972933119238,1.5759784503612004,4.586725975482864,0.009421361634894373,0.07114346662432595,0.8459471519010618,,,A_2059,84,0,nominal,0.7600733431599713
A_540__nom,robust_valid,24.0,12.48,0.52,120.0,50.088056383654475,0.6256038621068001,0.5399709620513022,34.90692947991192,0.21978674098849296,0.47293729865923523,0.01909884553402662,1.9134340859018266,50.0,12.468683354523895,2.516201665930226,0.6475,0.18661985137565085,15.552743438707527,0.6480309766128136,2.580530353028815,2.7701829575093893,0.2491474486351923,0.8366198513756509,0.5874724027404585,1.4648836532802332,4.586725975482864,0.019598628466392386,0.14411297140539023,0.8555103002883315,,,A_540,85,0,nominal,0.7592833333333338
A_3590__nom,robust_valid,24.0,12.48,0.52,120.0,50.10681193973869,1.320888675749302,0.55018396275118,34.17231820523739,0.19614405727945267,0.49521024553105236,0.018034336622804403,1.3477781806141138,50.0,12.270673471131454,2.506601087378827,0.6661979166666666,0.16202054053525194,15.993855243485916,0.6664106351452465,2.637243151270524,2.7701829575093893,0.28611485225217664,0.812020540535252,0.5259056882830753,1.181309183515146,4.586725975482864,0.021721854620025627,0.17689085691192857,0.8312057694480316,,,A_3590,86,0,nominal,0.7582879909471403
A_4073__nom,robust_valid,24.0,12.48,0.52,120.0,47.08861900214106,0.21719979867339134,0.5979380185715855,33.66370399482548,0.18937194272875785,0.5213337828405201,0.022736416524276135,1.336162494495511,50.0,12.540491963603538,2.5322596861789988,0.5886284722222223,0.13159522266504875,14.127615707098908,0.5886506544624545,2.5484026176427674,2.7701829575093893,0.22041121177497314,0.7815952226650488,0.5611840108900756,1.5485344892088246,4.586725975482864,0.015969102180741546,0.13286630359683144,0.804492757839035,,,A_4073,87,0,nominal,0.7578333333333332
A_911__nom,robust_valid,24.0,12.48,0.52,120.0,57.36055005155504,0.5128690637648106,0.43922559889033436,34.300020155496895,0.15445378647185862,0.6088000169955194,0.024295682134106756,0.8809901955537498,50.0,12.669434923779896,2.5205176224715022,0.6142881944444445,0.17185691536004466,14.746259837356297,0.614427493223179,2.5415349256227193,2.7701829575093893,0.20114104846541442,0.8218569153600447,0.6207158668946302,1.7637967056488588,4.586725975482864,0.01192896431606097,0.10908580777591101,0.8384323496339593,,,A_911,88,0,nominal,0.7569083333333337
A_4247__nom,robust_valid,24.0,12.48,0.52,120.0,56.88787680398673,2.019633318297565,0.3774009353481233,28.625096548348665,0.19279491272754967,0.5345526015385985,0.022653759168460963,0.904439106117934,50.0,12.671186818357995,2.4606942328156154,0.6730381944444445,0.170374930420367,16.15603602646378,0.6731681677693242,2.5763321495510825,2.7701829575093893,0.2482276704842783,0.820374930420367,0.5721472599360887,1.2288688270279153,4.586725975482864,0.016945476264193307,0.12747286234988447,0.8338594856275464,,,A_4247,89,0,nominal,0.7559666666666666
A_2241__nom,robust_valid,24.0,12.48,0.52,120.0,51.08149196114391,0.3882728638127446,0.3256920764222741,23.973323409445584,0.2135273891594261,0.6412484906613827,0.005038751028478145,1.7698167758062482,50.0,12.26262333632319,2.561904672376188,0.6175520833333333,0.22945346414112877,14.844095456058175,0.6185039773357573,2.555532843603914,2.7701829575093893,0.11459634190058464,0.8794534641411288,0.7648571222405441,2.4213966224673715,4.586725975482864,0.008543277283754027,0.0389094905700398,0.8870025241838189,,,A_2241,90,0,nominal,0.7556583333333337
A_2510__nom,robust_valid,24.0,12.48,0.52,120.0,57.666819646954536,0.5992924310266972,0.43579579023644327,21.99904420878738,0.17753090003505348,0.635908580198884,0.007336173299700021,1.095566926524043,50.0,12.260921446559152,2.529579422629448,0.5914756944444445,0.1580021030994998,14.182182526241917,0.5909242719267466,2.5396535916969967,2.7701829575093893,0.13565997359095358,0.8080021030994998,0.6723421295085462,2.0744118526253645,4.586725975482864,0.012108141549457259,0.0571481657521387,0.8195641766751268,,,A_2510,91,0,nominal,0.7541833333333336
A_1525__nom,robust_valid,24.0,12.48,0.52,120.0,51.939704219810665,1.4856879254803061,0.33480444010347127,27.21098673529923,0.17556362220086158,0.5967831352725625,0.01393575687892735,1.7610367266461253,50.0,12.287306102396048,2.485589071003438,0.6187152777777778,0.16223792105422352,14.847092772355941,0.6186288655148309,2.516881197465433,2.7701829575093893,0.15497456778200652,0.8122379210542235,0.657263353272217,1.6634343418726423,4.586725975482864,0.00962696669564401,0.06431637284732113,0.823845388680736,,,A_1525,92,0,nominal,0.7529242447255954
A_223__nom,robust_valid,24.0,12.48,0.52,120.0,37.013643683865666,1.7378945024684072,0.3973802749067545,34.432956953532994,0.20625826958566904,0.5160712127573788,0.009737905198708176,1.577992634382099,50.0,12.205894705952264,2.466372357096075,0.6571180555555556,0.166786759569303,15.769732520746311,0.6570721883644296,2.566431219697081,2.7701829575093893,0.25265107376445733,0.816786759569303,0.5641356858048456,1.1945871999260809,4.586725975482864,0.017391323688948707,0.1408750913754997,0.8337366137315211,,,A_223,93,0,nominal,0.7527083333333338
A_433__nom,robust_valid,24.0,12.48,0.52,120.0,52.030821880325675,0.466053145006299,0.5402631342411042,37.47809941880405,0.19168838824145495,0.5332407157868146,0.027362605165690182,1.6418939577415586,50.0,12.457671417468617,2.5237685542478925,0.6274826388888889,0.17856019589980265,15.053115234461975,0.627213134769249,2.560399956517359,2.7701829575093893,0.22828180157557973,0.8285601958998027,0.6002783943242229,1.5160068952391481,4.586725975482864,0.013344808495416268,0.1309524093765378,0.8493182558240322,,,A_433,94,0,nominal,0.7521239303953631
A_3655__nom,robust_valid,24.0,12.48,0.52,120.0,55.77645173482597,0.7118096770718694,0.6501187921501697,24.460504022426903,0.19211067709140478,0.5135866314172745,0.020987341850996016,0.9698675703257322,50.0,12.620144217554342,2.5110545680876872,0.5669618055555555,0.09383663260566533,13.607679811019718,0.5669866587924882,2.524789992013999,2.7701829575093893,0.1950858349935326,0.7438366326056653,0.5487507976121327,1.5542755096800944,4.586725975482864,0.020317460992601857,0.11138266694700737,0.7633095735085962,,,A_3655,95,0,nominal,0.7506083333333333
A_2043__nom,robust_valid,24.0,12.48,0.52,120.0,35.433537871576846,1.1200083643198013,0.5323575871996582,32.001654179766774,0.20028919834643602,0.6404954322613776,0.01886181349866092,1.1207753312774003,50.0,12.55340837807144,2.501839703586353,0.6438194444444445,0.1687384996031689,15.464575253912432,0.6443573022463513,2.5729121847083833,2.7701829575093893,0.25360431370656084,0.8187384996031689,0.5651341858966081,1.3639963397171884,4.586725975482864,0.015840860740256212,0.15063071253159446,0.8373654763124826,,,A_2043,96,0,nominal,0.7501083333333332
A_1597__nom,robust_valid,24.0,12.48,0.52,120.0,58.28441149648279,1.023982104845345,0.4347881150431931,27.572671258822083,0.20050501831807196,0.5259244028478861,0.0006789066642522812,1.7079559164121747,50.0,12.436343156813573,2.497472566823119,0.6722222222222223,0.20590628080903572,16.13515792785152,0.6722982469938134,2.579199604085596,2.7701829575093893,0.24141506494984555,0.8559062808090357,0.6144912158591902,1.6267817042980603,4.586725975482864,0.023442202932502765,0.12719582340913663,0.8678822161789024,,,A_1597,97,0,nominal,0.7479686266547751
A_4189__nom,robust_valid,24.0,12.48,0.52,120.0,52.60652114544064,0.056674218736588955,0.41909119924530386,26.05392341967672,0.2189837248623371,0.5672909985296428,0.005087914019823074,0.7210940783843398,50.0,12.672860759470993,2.5335279750998034,0.6266145833333333,0.2195086559822872,15.032106799429508,0.6263377833095628,2.5316856828538894,2.7701829575093893,0.17350943686058168,0.8695086559822872,0.6959992191217055,2.072160566668289,4.586725975482864,0.016329288138657434,0.08024179155229258,0.8812990375893145,,,A_4189,98,0,nominal,0.7479333333333329
A_4362__nom,robust_valid,24.0,12.48,0.52,120.0,47.7190111214295,0.34284622874110937,0.407489307411015,32.856715568341315,0.15238701432943344,0.5559107008390128,0.003171396469697356,1.7939322614111006,50.0,12.38122250590464,2.5198280554245693,0.5897222222222223,0.14517765950069506,14.15321112521762,0.5897171302174008,2.5300999792239613,2.7701829575093893,0.18269798528752043,0.7951776595006951,0.6124796742131746,1.8368573438684528,4.586725975482864,0.014084043344237011,0.09592041140795683,0.8115620206890092,,,A_4362,99,0,nominal,0.7477916666666671
A_3861__nom,robust_valid,24.0,12.48,0.52,120.0,47.769578461535275,1.0554236685857177,0.5196608218364418,28.331393380649388,0.19829224687069655,0.6305424857884645,0.026523374347016213,1.3437892398796976,50.0,12.505278239899477,2.4948071517034593,0.6296006944444444,0.17535849855972963,15.10849857182443,0.6295207738260179,2.538297638918453,2.7701829575093893,0.2076399895000902,0.8253584985597296,0.6177185090596394,1.5231419316858168,4.586725975482864,0.013350235716434386,0.1101644077954928,0.8420034149703229,,,A_3861,100,0,nominal,0.7469666666666676
