recipe_id,rank_strict,strict_score,yield_score,strict_pass_prob_proxy,p_robust_valid,p_margin_risk,p_under_exposed,p_merged,p_roughness_degraded,p_numerical_invalid,mean_cd_fixed,std_cd_fixed,mean_cd_error,mean_cd_locked,std_cd_locked,mean_ler_locked,std_ler_locked,mean_p_line_margin,std_p_line_margin,balanced_score_06j,geometry_distance_to_modeA,strict_cd_pen,strict_ler_pen,strict_cd_std_pen,strict_ler_std_pen,strict_margin_bonus,cd_error_penalty,ler_penalty,pitch_nm,line_cd_ratio,dose_mJ_cm2,sigma_nm,DH_nm2_s,time_s,Hmax_mol_dm3,kdep_s_inv,Q0_mol_dm3,kq_s_inv,abs_len_nm,mean_area_frac,std_area_frac
J_1453,1,0.8981508092418597,0.9502416666666669,0.9803166965003477,0.9804666666666669,0.005550000000000004,0.004499999999999995,0.008450000000000006,0.001033333333333332,0.0,14.855311466368812,0.09841773254126401,0.1446885336311876,10.686031793714106,0.006964915520553555,2.545349260112043,0.001980589343090923,0.18926867915200973,0.002674716603784769,-4.766565502498052,0.46666666666666684,0.0,0.0,0.19683546508252803,0.001980589343090923,0.18926867915200973,0.0,0.0,24.0,0.45,52.48814922384918,0.34199510235339403,0.40357725620269774,38.63432072568685,0.21585012060590086,0.49473905460909007,0.00692776383832097,1.532070079818368,90.36870668642223,0.607066930121528,0.004765755415715248
J_3413,2,0.8415704890152449,0.9565000000000007,0.9465652190079192,0.9800500000000006,0.010250000000000006,0.004533333333333331,0.003216666666666666,0.0019500000000000012,0.0,14.792841042377434,0.16064775352985242,0.20715895762256586,12.559991439455287,0.01768854369683386,2.4425471840483475,0.0022827726805222494,0.18743851554143098,0.0051537538121826255,-4.743953989097353,0.5471840922751706,0.0,0.0,0.32129550705970483,0.0022827726805222494,0.18743851554143098,0.0,0.0,28.0,0.45,54.25802861060947,0.18963659182190895,0.6108089515008033,32.69826397765428,0.1732291967049241,0.5954775451682508,0.006451839068904519,0.7088749594986439,73.21205128915608,0.5953934914434525,0.008447253931893245
J_3097,3,0.8123425854487579,0.9335416666666668,0.7716323066076656,0.9672666666666668,0.020599999999999983,0.008916666666666675,0.0015333333333333332,0.001683333333333332,0.0,15.36246162374297,0.16499433242259764,0.36246162374296986,12.61781164005805,0.013955593021885399,2.454643559535967,0.004511957210424448,0.18420491923960394,0.005568983593449751,-4.573599592002562,0.5471840922751706,0.0,0.0,0.3299886648451953,0.004511957210424448,0.18420491923960394,0.0,0.0,28.0,0.45,55.20931324828416,0.3358887014910579,0.4607528324238956,34.29629251360893,0.19076959015801548,0.5560683809220791,0.025271243015304208,1.6389677990227938,27.12440658826381,0.5549003229166669,0.00625885767240586
J_1603,4,0.804682592476153,0.8953416666666674,0.9584230006383319,0.9588833333333341,0.011650000000000011,0.01204999999999999,0.014983333333333335,0.002433333333333338,0.0,14.930767789580555,0.13031318097477307,0.06923221041944494,10.79516989866544,0.0167758307797752,2.576392206360717,0.013614101131307135,0.18584462939964919,0.009604379616895836,-4.452509924747177,0.46666666666666684,0.0,0.0,0.26062636194954614,0.013614101131307135,0.18584462939964919,0.0,0.0,24.0,0.45,49.671109666116536,0.20341934636235237,0.585356367006898,37.500420194119215,0.20327750555239618,0.6180648648180067,0.017489912817254663,1.6473220740444958,84.63056175969541,0.626503584201389,0.02274781235809867
J_2780,5,0.7885934517988519,0.9226083333333337,0.8223422649102222,0.9678833333333337,0.011849999999999986,0.0071333333333333275,0.010766666666666667,0.0023666666666666723,0.0,14.682316141776159,0.17617584866101849,0.31768385822384104,12.403546322242828,0.30072528840421,2.54548807993688,0.018678547691278146,0.2060009638887031,0.006122058980182646,-4.532638464583413,0.0,0.0,0.0,0.35235169732203697,0.018678547691278146,0.2060009638887031,0.0,0.0,24.0,0.52,51.142227636650205,0.2961369641125202,0.30267869839444755,37.42677637375891,0.19964606017805636,0.570398694742471,0.02265207951888442,0.5530166327953339,26.523145218379796,0.6314480199652777,0.013648897733384074
J_4013,6,0.7820022438197392,0.8915750000000002,0.5530916716228162,0.9472166666666669,0.03245,0.015683333333333313,0.0020500000000000006,0.002566666666666668,3.3333333333333335e-05,14.530536550886222,0.1440995130212999,0.46946344911377835,10.727203404003943,0.019395432829844902,2.5311023036018185,0.0043844609763585216,0.1468759493168725,0.011644396090156552,-3.906206218310954,0.46666666666666684,0.0,0.0,0.2881990260425998,0.0043844609763585216,0.1468759493168725,0.0,0.0,24.0,0.45,40.807860262691975,1.1980212461203337,0.30710686156526207,33.85420311708003,0.20116724454797805,0.5582197852432728,0.016230081310495734,1.1962148416787386,96.01444595493376,0.5651737317708333,0.013566851500166174
J_4793,7,0.7704067832677522,0.8768250000000007,0.3242051162251217,0.9441333333333342,0.02765,0.01635000000000001,0.005966666666666675,0.005900000000000001,0.0,14.471492655129177,0.07069729212631183,0.5285073448708228,12.62795575913039,0.009277998053217338,2.4598449910598252,0.0012482662840095438,0.20170097259414696,0.005576820853291458,-5.003820053112583,0.5471840922751706,0.0570146897416457,0.0,0.14139458425262366,0.0012482662840095438,0.20170097259414696,0.0,0.0,28.0,0.45,58.78397037740797,0.09168760478496552,0.3509858881123364,38.66186414845288,0.17470966765657067,0.6255642804317176,0.018038093699142336,1.903185164090246,76.92620038520545,0.5724453225446426,0.005618011709482545
J_1717,8,0.7145959810545208,0.9026666666666663,0.9224084159680187,0.9454499999999997,0.043966666666666626,0.009316666666666678,0.0005333333333333329,0.0007333333333333327,0.0,15.017253234566951,0.2214311466614681,0.017253234566950937,12.57021307825604,0.012410980299602097,2.43854591233406,0.004601649492650633,0.1426451431825918,0.004057037750704195,-4.007971286146439,0.5471840922751706,0.0,0.0,0.4428622933229362,0.004601649492650633,0.1426451431825918,0.0,0.0,28.0,0.45,37.86264035850763,0.9991807322949171,0.42823082087561487,32.97462359070778,0.21115490527823566,0.5507289295084774,0.017427831385284663,0.7525441497564316,80.94252660404891,0.5285143664434527,0.004682553615803778
J_2933,9,0.6938541602237882,0.7576000000000004,0.8943951483640608,0.8944000000000003,0.049416666666666643,0.04586666666666667,0.009766666666666672,0.0005499999999999996,0.0,15.033825311051064,0.10574174800837,0.03382531105106423,12.598900935584751,0.0020740927835735776,2.4449420456506714,0.0013694174357358514,0.170722467800103,0.0018943475328086219,-4.64406215171952,0.5471840922751706,0.0,0.0,0.21148349601674,0.0013694174357358514,0.170722467800103,0.0,0.0,28.0,0.45,58.687789524905384,0.33374173287302256,0.3321890031918883,30.72632148861885,0.1536402834020555,0.4609891513362527,0.00212391153909266,1.1022598426789045,78.89835243113339,0.565861210565476,0.0021754063886933192
J_1785,10,0.683414479325329,0.9371999999999999,0.8170495284875179,0.9703999999999999,0.017133333333333316,0.0072833333333333404,0.004583333333333333,0.0005999999999999996,0.0,14.807915649810207,0.2952429987364505,0.19208435018979308,13.803851159624456,0.9023962992504035,2.4436268952994213,0.005193862084832388,0.17621763641678292,0.005988516858660203,-4.182881340857692,0.28571428571428575,0.0,0.0,0.590485997472901,0.005193862084832388,0.17621763641678292,0.0,0.0,28.0,0.52,43.58954301383346,0.4863320142030716,0.34905219841748475,33.202678062953055,0.17627769674174487,0.5365379111841321,0.005721099665388465,1.5111720715649426,25.56224969215691,0.6120760607018846,0.03589070775619024
J_3509,11,0.681139106042942,0.8362083333333336,0.7819700300187055,0.9275333333333334,0.03473333333333331,0.014766666666666676,0.01994999999999999,0.003016666666666667,0.0,14.691477781287125,0.19011373925576225,0.30852221871287533,12.521307908360148,0.007271399591001116,2.4323584095231148,0.0037386811648756897,0.14765541019123427,0.005008697749735326,-4.013649363220991,0.5471840922751706,0.0,0.0,0.3802274785115245,0.0037386811648756897,0.14765541019123427,0.0,0.0,28.0,0.45,55.45909377839416,1.1024300828576088,0.7430742324329913,36.05084361508489,0.21398584437556564,0.4011233430355787,0.011378505248576403,1.3182220519520342,59.19195143971592,0.5616208299851193,0.008096607621005739
J_2243,12,0.6754269031268686,0.8506000000000006,0.8846580275618159,0.935383333333334,0.025466666666666648,0.012533333333333339,0.014116666666666642,0.012499999999999995,0.0,15.153350934988824,0.21453571732937174,0.1533509349888238,10.72290428578955,0.013975729747232102,2.6450128871613443,0.013608719125235572,0.1846679200754302,0.007601800970250958,-4.019121087844901,0.46666666666666684,0.0,0.0,0.4290714346587435,0.013608719125235572,0.1846679200754302,0.0,0.0,24.0,0.45,53.249667515046895,0.37003358267247677,0.7111812063492835,39.48694477323443,0.17142502770759166,0.60546939317137,0.015513606844469905,1.2091877227649093,62.4898519506678,0.7419026723090282,0.02680617041653001
J_1996,13,0.6706300256464076,0.9684083333333336,0.7132432310583846,0.9850833333333336,0.008766666666666667,0.0035000000000000005,0.0026333333333333343,1.6666666666666667e-05,0.0,15.289800947287556,0.33700922828189456,0.28980094728755645,12.453003222136342,0.2854652431110341,2.5378497917244887,0.019851833605180117,0.19662734959023406,0.008463534740314884,-3.997815341133862,0.0,0.0,0.0,0.6740184565637891,0.019851833605180117,0.19662734959023406,0.0,0.0,24.0,0.52,53.169382547959685,0.4648453602567315,0.48417503871023654,30.153898247517645,0.19850198483094572,0.582012394350022,0.017606109688058494,1.707342027220875,43.876536721363664,0.6335735334201389,0.015362762801273454
J_1898,14,0.6679811844733257,0.8297499999999999,0.715356783069992,0.9223166666666666,0.042516666666666675,0.025800000000000003,0.00291666666666667,0.003650000000000001,0.002800000000000003,14.650255223511165,0.1983628365467753,0.3497447764888353,13.818116821384397,0.94885901633186,2.437092762006806,0.006077981632848783,0.15853204734610182,0.006763070782769011,-4.098604835185049,0.28571428571428575,0.0,0.0,0.3967256730935506,0.006077981632848783,0.15853204734610182,0.0,0.0,28.0,0.52,51.24801071640104,0.7075073467567563,0.37169507443904876,33.994511822238564,0.19121675949543715,0.40344157433137295,0.010498095452785492,0.6764004225842655,95.58143021538854,0.5904905378224204,0.034704662448923215
J_4373,15,0.6489235465934488,0.7914000000000001,0.8654115233631638,0.9009333333333335,0.05729999999999995,0.021733333333333316,0.012883333333333342,0.006533333333333335,0.0006166666666666664,14.81126638736363,0.1770616851221815,0.18873361263636923,12.536618892311138,0.012342092917708056,2.406703233410773,0.005186478046568042,0.14871388295565707,0.0024283597148863196,-4.138825648040038,0.5471840922751706,0.0,0.0,0.354123370244363,0.005186478046568042,0.14871388295565707,0.0,0.0,28.0,0.45,38.00382408499718,1.5722773717716336,0.6792320978827775,26.69984412379563,0.19503708752803506,0.5908418961800634,0.008705661669373511,0.7205929718911648,77.49208691995591,0.5789308389136907,0.006716510012381178
J_3290,16,0.6465682807099176,0.9283249999999992,0.6009090842960602,0.9671833333333326,0.01793333333333333,0.01046666666666667,0.003916666666666666,0.00025,0.00025,15.397673682567838,0.3236291315705435,0.39767368256783797,13.794635870143598,0.8728856228610039,2.443201832728523,0.004933690828982509,0.17735703077981257,0.0036600157254186713,-4.0358819130721315,0.28571428571428575,0.0,0.0,0.647258263141087,0.004933690828982509,0.17735703077981257,0.0,0.0,28.0,0.52,48.62530665099621,0.4555600443854928,0.4629968830384314,28.475548401474953,0.1607375438604504,0.6315300066955387,0.00609932885505259,0.7718934882432222,28.32267331890762,0.6127460211433532,0.026789812888138004
J_1973,17,0.6421078017814131,0.7672250000000006,0.8774088722387218,0.8807500000000006,0.08218333333333332,0.02725,0.006416666666666669,0.0034000000000000007,0.0,15.04937361896989,0.16604324597672177,0.04937361896988968,12.561560407151507,0.008929655850445094,2.445808119217929,0.0024822883350467608,0.16866876770263048,0.007278885086920924,-4.46720786059476,0.5471840922751706,0.0,0.0,0.33208649195344353,0.0024822883350467608,0.16866876770263048,0.0,0.0,28.0,0.45,47.587100584991276,0.4339200323447585,0.7149262458086014,34.7771424613893,0.19428365700878203,0.6143168286420405,0.024431048026308418,0.9531268463470042,64.17400312144309,0.5618798783482146,0.007949812888622168
J_1357,18,0.6350379921926771,0.979750000000002,0.737827554523153,0.9894666666666686,0.007400000000000009,0.000716666666666666,0.0015666666666666663,0.0007333333333333327,0.00011666666666666667,15.208347838685409,0.38187736663548283,0.20834783868540896,10.725083325082196,0.00953168776860971,2.5377753885380794,0.0032641121985601982,0.15518965970975163,0.00923551767909728,-3.5017380655304846,0.46666666666666684,0.0,0.0,0.7637547332709657,0.0032641121985601982,0.15518965970975163,0.0,0.0,24.0,0.45,58.59991763345897,0.9735089102759957,0.44246314391493796,34.896843675523996,0.17136279676109553,0.5015920402482152,0.012778513887897133,0.6414171610958874,81.64038971532136,0.5923590616319447,0.011078885412191425
J_3027,19,0.6256858168523632,0.9321333333333331,0.8268321205976266,0.9719833333333332,0.010600000000000014,0.011983333333333337,0.003966666666666662,0.0011666666666666652,0.00030000000000000003,15.006682102561467,0.3467041287518355,0.0066821025614665075,12.455568532094354,0.28472061261584164,2.5437164845147544,0.019438351049896253,0.1999031511832547,0.006262452762423739,-4.101396059714166,0.0,0.0,0.0,0.693408257503671,0.019438351049896253,0.1999031511832547,0.0,0.0,24.0,0.52,55.54759337939322,0.08861079532653093,0.508023694343865,33.02584509830922,0.16163456331938506,0.5642537077888846,0.02598247244954109,1.5715272100642323,48.2802808098495,0.6329975082465278,0.013197825339389313
J_4365,20,0.6235061640620386,0.8129833333333332,0.8026364925442331,0.9165166666666664,0.041316666666666675,0.023833333333333304,0.014466666666666645,0.0035499999999999998,0.0003166666666666667,15.24021014981276,0.22465597129551382,0.24021014981276068,10.781957989715888,0.02234278135571151,2.5369911027506205,0.0030030469049751535,0.14672130190682758,0.011215074073907429,-3.732360529377492,0.46666666666666684,0.0,0.0,0.44931194259102764,0.0030030469049751535,0.14672130190682758,0.0,0.0,24.0,0.45,44.54449435137212,1.4677862981334329,0.448371750023216,35.68674573209137,0.18182608873583375,0.6374936598353088,0.022993542747572062,1.0378333679400384,51.516689378768206,0.5756071310763892,0.012361072869092316
J_2725,21,0.6232191894180106,0.8907000000000004,0.5882362977961418,0.949216666666667,0.023699999999999985,0.007416666666666668,0.00466666666666667,0.015000000000000006,0.0,14.589141128942765,0.2904028477980218,0.4108588710572345,13.711632957642342,0.9653584973410545,2.4336217463061174,0.012736003562711132,0.11716015598954986,0.028211700090163782,-3.195449959685786,0.28571428571428575,0.0,0.0,0.5808056955960436,0.012736003562711132,0.11716015598954986,0.0,0.0,28.0,0.52,49.10247716400772,0.3270562123507261,0.5722329017706216,26.52906612958759,0.1951207966916263,0.5285910910926759,0.015825540013611316,1.3105320036411285,89.48638674803078,0.5401534444444445,0.030324731980015535
J_2965,22,0.6217332156761018,0.9462583333333329,0.21541390216803172,0.9740166666666663,0.015899999999999977,0.008900000000000005,0.0004666666666666664,0.000716666666666666,0.0,14.414978482668367,0.11066473436307954,0.5850215173316329,12.525782253049384,0.011245431112446207,2.4403411333100213,0.0027114699102857506,0.17023961462356016,0.003267222682984122,-4.488781153935174,0.5471840922751706,0.17004303466326576,0.0,0.22132946872615908,0.0027114699102857506,0.17023961462356016,0.0,0.0,28.0,0.45,52.552249948494136,0.9641841100528836,0.5138970596715808,27.37820698413998,0.19911897073499857,0.542684191185981,0.007972973305732012,1.7116183680482209,92.76899410877377,0.5618275182291669,0.004352060926563059
J_4665,23,0.6111292128598553,0.9020583333333323,0.545107462658776,0.953949999999999,0.02578333333333334,0.013833333333333324,0.0033666666666666654,0.003066666666666668,0.0,14.5608072037675,0.32807335911881713,0.4391927962325006,12.543857085914176,0.007091793691387918,2.440945400572362,0.003658326153142823,0.1558936068876468,0.008184517994808503,-3.713212590718614,0.5471840922751706,0.0,0.0,0.6561467182376343,0.003658326153142823,0.1558936068876468,0.0,0.0,28.0,0.45,47.81429748237133,0.5614493004977703,0.6702532751485706,29.059207094833255,0.20002882974222302,0.5757649721577763,0.01571277723647654,1.0473743346519768,55.92681839130819,0.5508157760416671,0.008164423630166399
J_4164,24,0.6100930502574403,0.6839333333333331,0.8487590561681404,0.8799166666666663,0.026949999999999988,0.015183333333333326,0.06618333333333332,0.01035000000000001,0.001416666666666666,14.694387999263363,0.10759681449170883,0.3056120007366374,11.926522741612311,0.010856923228187433,2.7784018093669465,0.015207925413922253,0.1654419764911087,0.003683779266513304,-3.607902942148584,0.605043054257851,0.0,0.0,0.21519362898341765,0.015207925413922253,0.1654419764911087,0.0,0.0,20.0,0.6,42.982502474449575,0.6359078139066696,0.37650427892804145,28.727797213941813,0.18126468609087168,0.6279433439485729,0.0076699050609022375,1.4143932526931167,69.93881050497293,0.7510631536458328,0.00803551037014017
J_2597,25,0.6079110928007609,0.9719333333333348,0.46420460061596297,0.9872666666666681,0.006366666666666671,0.0031833333333333336,0.002016666666666669,0.0011666666666666652,0.0,15.524115553786068,0.3350595972334577,0.5241155537860678,12.659409052565216,0.012965183053718262,2.460044172673952,0.00671112366107394,0.18695831955849657,0.006606361656107791,-4.054465398622714,0.5471840922751706,0.048231107572135556,0.0,0.6701191944669154,0.00671112366107394,0.18695831955849657,0.0,0.0,28.0,0.45,57.629243010655046,0.6073309276252985,0.38771588560193776,35.725448611192405,0.17014138182625174,0.560823674313724,0.017923593018203975,0.829717262648046,26.153180128894746,0.5611099386160708,0.009556297602616986
J_825,26,0.6064478601947372,0.7847083333333333,0.8793620302103321,0.90795,0.040950000000000014,0.02678333333333332,0.011000000000000003,0.0085,0.004816666666666658,14.909001775522562,0.21490218719735812,0.09099822447743833,12.5418152842773,0.005583698811903508,2.3680150833697713,0.0017153704675821782,0.14999759717021197,0.0034340779237528435,-4.18135249673855,0.5471840922751706,0.0,0.0,0.42980437439471625,0.0017153704675821782,0.14999759717021197,0.0,0.0,28.0,0.45,53.299257586710155,2.542210226878524,0.3445429403334856,34.11673866678029,0.18306662348099054,0.35250939819961785,0.011485839458182453,1.464847173076123,73.1233650771901,0.6064188102678577,0.004363195030243543
J_3545,27,0.6049051938679731,0.7075833333333332,0.43062292961207976,0.87575,0.04921666666666665,0.005350000000000004,0.056666666666666705,0.013016666666666656,0.0,15.502867123273484,0.1381158041720098,0.502867123273484,12.657190867931904,0.005264881411997649,2.370315765238948,0.0030636491007283682,0.18228343630986404,0.002706544661615301,-4.613653743140624,0.5471840922751706,0.00573424654696808,0.0,0.2762316083440196,0.0030636491007283682,0.18228343630986404,0.0,0.0,28.0,0.45,52.07710726931691,2.06399017944932,0.5736951457336545,23.292288002558053,0.19545207096263767,0.6286139531992376,0.006878699194639921,0.526298591401428,23.704792987555265,0.6465354702380957,0.00559127389478522
J_3653,28,0.6034780098354684,0.9506999999999993,0.4536168925331169,0.978166666666666,0.010350000000000008,0.008150000000000001,0.0019833333333333343,0.001349999999999999,0.0,15.527515280313796,0.3055948884130927,0.5275152803137964,13.74597555365518,0.9458210799542499,2.4459811973634378,0.010766930914492434,0.1852088185887883,0.005161152585873424,-4.085529245716752,0.28571428571428575,0.055030560627592706,0.0,0.6111897768261854,0.010766930914492434,0.1852088185887883,0.0,0.0,28.0,0.52,56.83510296419263,0.09606564324349165,0.37646259386092423,38.840836524032056,0.1631655351165682,0.5722771535627544,0.012989587616175413,1.8854386005550623,37.72135111037642,0.6063152461557538,0.03410547807960882
J_1469,29,0.6034387730402971,0.7097416666666665,0.8392637911643601,0.8661999999999997,0.07469999999999993,0.012150000000000001,0.04246666666666663,0.0023833333333333363,0.0021000000000000016,14.76899644380584,0.14424072963399895,0.23100355619416035,12.653453805268295,0.005065570005807646,2.366911723235964,0.0019455893013488501,0.15564252263321599,0.003237959011055337,-4.383463066311513,0.5471840922751706,0.0,0.0,0.2884814592679979,0.0019455893013488501,0.15564252263321599,0.0,0.0,28.0,0.45,47.026764512993395,2.1352841863408685,0.5197184273973108,23.326202905736864,0.1794304517749697,0.6491711373440922,0.007865360230207443,1.4060311461798847,98.81045126821846,0.6081689468005952,0.005183573829691474
J_461,30,0.6005772815795494,0.9417250000000003,0.5827395389591287,0.9706166666666669,0.019133333333333332,0.004499999999999996,0.0034,0.0023500000000000005,0.0,15.39333478025896,0.3817851902857681,0.39333478025896085,12.423772828961695,0.2866202740934153,2.5384211459819865,0.018105610073910705,0.19876110760909008,0.005700422163634002,-3.8702767158528992,0.0,0.0,0.0,0.7635703805715361,0.018105610073910705,0.19876110760909008,0.0,0.0,24.0,0.52,53.59712051600218,0.45479705929756165,0.422612664476037,41.79929951671511,0.18756334083154796,0.48802818469703196,0.02404881125316024,1.0864175399765372,59.833939261734486,0.6348597131076388,0.013769014067405185
J_4085,31,0.586063191488772,0.9454666666666655,0.7719773092615536,0.9762833333333321,0.009916666666666669,0.003599999999999998,0.006716666666666671,0.0034833333333333326,0.0,14.906349295627681,0.3869033348004314,0.09365070437231893,13.696036828250847,0.9507256098739085,2.415544875834623,0.008202128499080433,0.12640369548831232,0.02508385882041004,-3.2920498061266397,0.28571428571428575,0.0,0.0,0.7738066696008628,0.008202128499080433,0.12640369548831232,0.0,0.0,28.0,0.52,53.34757436905056,1.2381196394562721,0.4998054990544915,24.14000798482448,0.20528515063226221,0.5493952382355929,0.020875728484243152,0.6581866140477359,62.731565847061574,0.5633374046378966,0.008437059949911072
J_1229,32,0.5771630038808309,0.8981666666666672,0.7551475931116045,0.9505166666666672,0.030099999999999995,0.008450000000000003,0.008000000000000005,0.002933333333333334,0.0,15.159795163117177,0.35980459628477746,0.15979516311717745,12.439478047315072,0.2918829664457258,2.5387152163988627,0.018997323463643728,0.1931983809230519,0.007823918915193054,-3.919667498024676,0.0,0.0,0.0,0.7196091925695549,0.018997323463643728,0.1931983809230519,0.0,0.0,24.0,0.52,40.34632978588343,0.13389893621206284,0.5396061383187771,30.23966008797288,0.21039402591995895,0.6126292056404055,0.006356992330402136,1.6982215764001012,45.53336846642196,0.6298066150173612,0.01420078595230064
J_3195,33,0.5751964170494357,0.7334916666666672,0.8199248392740227,0.8987000000000006,0.016383333333333312,0.014066666666666647,0.04151666666666665,0.028099999999999983,0.0012333333333333317,14.977628963199969,0.11386396738021046,0.022371036800031163,10.356356273134653,0.2686739954240512,2.784460509473346,0.15901909633307532,0.14031306371806607,0.023101815749469592,-1.8960177698323801,0.2857142857142857,0.0,0.0,0.2277279347604209,0.15901909633307532,0.14031306371806607,0.0,0.0,20.0,0.52,53.705607519485056,0.044940889813005924,0.3530794826336205,42.07315566483885,0.19660787145607173,0.6174810180440545,0.010069955885410308,1.1739112273789942,43.88963042292744,0.7311129989583331,0.11745651263208468
J_3347,34,0.5735704679206803,0.9476749999999999,0.6563155859367665,0.9779833333333332,0.009083333333333337,0.007533333333333334,0.005199999999999997,0.0002,0.0,15.285117203688323,0.41142186513588513,0.2851172036883227,12.420012150855849,0.2404033104697834,2.5325091658765064,0.01830919188564177,0.1858877159975455,0.009588076900072217,-3.65553973100538,0.0,0.0,0.0,0.8228437302717703,0.01830919188564177,0.1858877159975455,0.0,0.0,24.0,0.52,58.71800693683326,0.8192130737006664,0.5971470174379647,27.510475791059434,0.206291672764346,0.5794016189873219,0.020471613323315978,1.0372818778268993,26.062893173657358,0.6281630789930557,0.013043731728421576
J_3018,35,0.573183626505068,0.706925,0.4688575702474336,0.8409833333333332,0.1234666666666666,0.021849999999999987,0.0027000000000000014,0.006516666666666673,0.004483333333333325,14.521935160071274,0.15163041191023297,0.4780648399287255,13.76951480515706,0.9419318632476198,2.417127051213997,0.009216979072683146,0.08999011180656995,0.008444224827046652,-3.2232871791588,0.28571428571428575,0.0,0.0,0.30326082382046593,0.009216979072683146,0.08999011180656995,0.0,0.0,28.0,0.52,57.42147165723145,1.1618745429441333,0.41484478460624813,37.21724353265017,0.17851311387494206,0.429655067063868,0.024624019442126156,0.7788510811515152,40.67350358236581,0.5391778159102185,0.02833203073503101
J_2115,36,0.5729060928485986,0.8724666666666672,0.612225011221666,0.9381666666666671,0.037866666666666667,0.017033333333333324,0.0027000000000000014,0.0036,0.0006333333333333329,14.63447472222013,0.3322435227741118,0.3655252777798701,12.430371305034152,0.27625901764410826,2.533332771714949,0.01777651905362971,0.16628483393143245,0.010839552164923208,-3.5502990271833306,0.0,0.0,0.0,0.6644870455482236,0.01777651905362971,0.16628483393143245,0.0,0.0,24.0,0.52,44.72232045046985,0.6522444952279329,0.528617281652987,23.54881987441331,0.1945545243564993,0.6330206896178425,0.018233744585886596,1.6900450214743614,41.15511515177786,0.6133232074652778,0.016405726246188485
J_2796,37,0.5641612376666477,0.9428833333333331,0.5555812274382415,0.9747499999999997,0.011866666666666663,0.0061833333333333376,0.005533333333333334,0.0016666666666666674,0.0,15.41053003277268,0.41819917590371447,0.4105300327726802,12.413050749520362,0.2851476625445865,2.536612733823872,0.018077206425810052,0.1940627337997366,0.007673938381589699,-3.6941748501910205,0.0,0.0,0.0,0.8363983518074289,0.018077206425810052,0.1940627337997366,0.0,0.0,24.0,0.52,38.44655040744692,0.3830195087939501,0.5234545596875251,36.470482386648655,0.21053715362213551,0.5877373839728535,0.008263418013229966,0.7569924090057611,55.62535159289837,0.6359178168402779,0.01296231115956064
J_2141,38,0.562785887965337,0.9397916666666652,0.7227681052010018,0.9769666666666653,0.004116666666666664,0.00586666666666667,0.007616666666666675,0.005433333333333331,0.0,15.153748529707107,0.41555119661812345,0.15374852970710684,12.417774905602549,0.2702912734740262,2.5259022799378252,0.01753837778637468,0.18925842723993028,0.008886015746612269,-3.752587272245889,0.0,0.0,0.0,0.8311023932362469,0.01753837778637468,0.18925842723993028,0.0,0.0,24.0,0.52,55.16176056303084,1.2889319993555546,0.3466596786864102,27.520206249319017,0.17045712298713625,0.6414443343877793,0.006852746810764074,1.8074498306959867,77.74463997222483,0.6378257339409724,0.014141637144580724
J_4179,39,0.5531020140290436,0.7002583333333333,0.741751691883114,0.8605833333333334,0.07928333333333334,0.04541666666666666,0.009350000000000008,0.0033000000000000013,0.0020666666666666685,14.686117998721427,0.170910645128295,0.31388200127857324,10.728491074080939,0.018920757984166366,2.5294647102300627,0.0060473235118616965,0.10711195031974455,0.012558415461727396,-3.245224204315524,0.46666666666666684,0.0,0.0,0.34182129025659,0.0060473235118616965,0.10711195031974455,0.0,0.0,24.0,0.45,40.87306098639965,1.9178446009755135,0.45818040911108254,35.03661563619971,0.16854079882614315,0.5257508343085646,0.01772219373844564,0.851533099077642,47.11151450872421,0.5564457391493055,0.01685724961995048
J_4985,40,0.5504164480439655,0.6444833333333333,0.8037392310106107,0.8039999999999999,0.15216666666666662,0.020216666666666664,0.008600000000000005,0.012833333333333322,0.0021833333333333366,14.953187102080538,0.13228598612584128,0.046812897919462415,12.577353535947044,0.018070090852891955,2.382662781028485,0.002823443828783949,0.15852329100346213,0.006385301484418395,-4.522826879348178,0.5471840922751706,0.0,0.0,0.26457197225168255,0.002823443828783949,0.15852329100346213,0.0,0.0,28.0,0.45,53.215622099116445,2.008113062940538,0.6837062809616328,21.249175681732595,0.17884527450427412,0.5483288500458002,0.0137089654058218,0.7425542678683996,58.89380653388798,0.6226614646577382,0.014160887594584066
J_1981,41,0.5476683455627536,0.6199166666666671,0.4739598013282526,0.8181833333333337,0.10828333333333331,0.041716666666666645,0.025933333333333343,0.005883333333333335,0.0,15.480559943558005,0.09717118426019385,0.4805599435580046,12.593511728679955,0.009270692942207323,2.42700825305913,0.0030501540581068186,0.10579176074133474,0.005337391616822186,-3.5621503565037442,0.5471840922751706,0.0,0.0,0.1943423685203877,0.0030501540581068186,0.10579176074133474,0.0,0.0,28.0,0.45,30.742014918476343,1.3765201410278678,0.34853897914290427,43.408588650636375,0.2140714311506599,0.4596616794355214,0.0044560391083359715,0.6507002362050116,45.299973036162555,0.5285132938988094,0.0053960822627379095
J_4341,42,0.5344103626704239,0.8454333333333339,0.5678290917765687,0.9338833333333337,0.02829999999999999,0.02146666666666666,0.013383333333333325,0.0028666666666666675,0.0001,15.401978616162246,0.34341424537940796,0.4019786161622463,12.566670583222363,0.010014337854678774,2.374581887068735,0.003006966028918358,0.13557903092382817,0.009344306337613002,-3.4991580610269395,0.5471840922751706,0.0,0.0,0.6868284907588159,0.003006966028918358,0.13557903092382817,0.0,0.0,28.0,0.45,44.13138319272548,2.160048734396696,0.3820618448778987,31.06472888495773,0.17736385871656238,0.49718375150114297,0.010379754994064568,1.8822668939828873,80.40921564213932,0.5762423552827382,0.014298495395375975
J_803,43,0.5304367816863066,0.9577666666666663,0.5159278528186505,0.9804666666666664,0.010483333333333338,0.004916666666666667,0.0028500000000000014,0.0012833333333333319,0.0,15.44301837555047,0.4688964566494628,0.4430183755504693,10.715266170207704,0.006047237017260104,2.5352656561569473,0.003750965055401771,0.17376821678721577,0.00477184856464259,-3.413690497541005,0.46666666666666684,0.0,0.0,0.9377929132989256,0.003750965055401771,0.17376821678721577,0.0,0.0,24.0,0.45,36.73881499283016,1.0663266442716122,0.3234639155678451,38.87830113992095,0.20388384061865508,0.5377227295190096,0.004669220857322216,1.166248026303947,91.63619074039161,0.6043785976562499,0.007841312500610395
J_2274,44,0.5295331048976439,0.7788,0.7533679126212937,0.9049166666666667,0.04079999999999998,0.04155,0.0070333333333333255,0.005700000000000003,0.0,15.210820826839424,0.2910093008130601,0.2108208268394236,12.446263038045112,0.2936005009899377,2.541860988021324,0.018975516564176044,0.20492065597116807,0.007241770800220306,-4.1781399361253,0.0,0.0,0.0,0.5820186016261202,0.018975516564176044,0.20492065597116807,0.0,0.0,24.0,0.52,58.826599854044616,0.21835833974182606,0.4197832589969039,34.121372904628515,0.16306346061639487,0.6195307761430741,0.029352810457348822,1.381773714441806,31.549887252040207,0.6368259657118055,0.014435751668282168
J_3923,45,0.5253698079530381,0.7615333333333332,0.8213071778190643,0.8950166666666665,0.04901666666666669,0.03451666666666668,0.015433333333333316,0.005983333333333336,3.3333333333333335e-05,14.928892527222239,0.27891229269708584,0.07110747277776142,12.408937793405295,0.28432952572427606,2.522373253701524,0.019476711237834447,0.20994849174283214,0.013081150122037812,-4.3668164186845,0.0,0.0,0.0,0.5578245853941717,0.019476711237834447,0.20994849174283214,0.0,0.0,24.0,0.52,50.546286318451166,1.3396987728774548,0.3560755534097552,39.02498076669872,0.2150644683279097,0.4276690661907196,0.014712487114593387,1.6889461860992014,29.454404511488974,0.6645223676215278,0.015782309341591087
J_2002,46,0.520481683065919,0.7563666666666667,0.44728702359814143,0.8754000000000002,0.08794999999999996,0.014933333333333328,0.011583333333333336,0.005583333333333337,0.004549999999999999,14.507497443665013,0.2701362241303254,0.49250255633498696,12.405118431871108,0.28655228169621133,2.5229197347480237,0.01617667451155572,0.16935831114142227,0.010393781145820657,-3.7249106956963907,0.0,0.0,0.0,0.5402724482606508,0.01617667451155572,0.16935831114142227,0.0,0.0,24.0,0.52,46.6908906865865,1.4765585688874125,0.4184283751063049,21.433976809494197,0.1744056875631213,0.5899954281747342,0.006547434758394957,1.778604515362531,69.70877290703356,0.628128834201389,0.016322131601002463
J_3170,47,0.5165648150796448,0.7350000000000005,0.8430223440726365,0.891883333333334,0.04050000000000002,0.03685000000000005,0.022666666666666665,0.00446666666666666,0.0036333333333333304,14.978824720177336,0.2594754225387328,0.021175279822664095,12.424249536293377,0.2897564879832348,2.5251773634519,0.019344953411305772,0.2028508572961197,0.0163521778965731,-4.3142965119335575,0.0,0.0,0.0,0.5189508450774656,0.019344953411305772,0.2028508572961197,0.0,0.0,24.0,0.52,54.43704598490149,1.2128701871261,0.44724542293697594,41.01171633694321,0.2136359362397343,0.3704190364107489,0.010579049913212657,1.8728143898770213,56.97577252984047,0.6649048094618056,0.02118252644033567
J_4505,48,0.5123109659235788,0.6494083333333337,0.8249625604026977,0.8625000000000003,0.03954999999999998,0.017233333333333326,0.07554999999999995,0.0051666666666666675,0.0,15.199193774147576,0.17574760896229383,0.19919377414757555,13.820996780236092,0.9203741128659331,2.4374223407433764,0.006091829391964835,0.1667846249940854,0.006502582435544633,-4.211027513990348,0.28571428571428575,0.0,0.0,0.35149521792458766,0.006091829391964835,0.1667846249940854,0.0,0.0,28.0,0.52,40.22152756433934,0.4469971703365445,0.7085171623155475,42.57462874986231,0.17365162369795142,0.6327054345048964,0.008432551128789783,0.5145848258398473,18.096499522216618,0.6462558996775789,0.026988226780115594
J_1657,49,0.5083132149535817,0.880658333333334,0.7316833147023757,0.9511166666666674,0.016233333333333336,0.01373333333333337,0.01299999999999999,0.005916666666666673,0.0,14.99547319207524,0.41715362872751977,0.004526807924760234,12.532714022076497,0.010644136952802703,2.4392753403322063,0.0012187463653380683,0.18167153412174628,0.0038765019536461747,-4.0051327921440505,0.5471840922751706,0.0,0.0,0.8343072574550395,0.0012187463653380683,0.18167153412174628,0.0,0.0,28.0,0.45,54.55379491299391,0.02032105252146721,0.6722408548928798,29.85673770774156,0.18847177851013838,0.561739297490567,0.005526198344305158,0.6788015975616872,88.72814638074487,0.5918543898809524,0.005461619931082031
J_4828,50,0.49323337861723854,0.836108333333333,0.7030342054759924,0.9266333333333331,0.03671666666666665,0.025983333333333348,0.008299999999999991,0.0023333333333333383,3.3333333333333335e-05,15.18424627320198,0.3824410098101338,0.18424627320198006,12.44309291868239,0.2836382193128052,2.536106353302122,0.018946914485477945,0.19615804934711303,0.009211073938266394,-3.859381049867564,0.0,0.0,0.0,0.7648820196202676,0.018946914485477945,0.19615804934711303,0.0,0.0,24.0,0.52,49.102788149379194,0.4490546453744173,0.4911141867749393,34.356277720071375,0.20683677635155617,0.45854970123618843,0.021319633182138205,1.7387529131956398,21.08448731712997,0.6397404157986112,0.013717254683505606
J_3235,51,0.49031169496094257,0.7602250000000003,0.7680747059157986,0.9020833333333337,0.03048333333333332,0.02,0.030933333333333347,0.016499999999999987,0.0,15.196371804325864,0.2829615922122317,0.19637180432586376,12.475093888678952,0.31391484649706675,2.558614886436821,0.06303604417236264,0.17826523703742128,0.02900386962691855,-3.3274675625057792,0.0,0.0,0.0,0.5659231844244634,0.06303604417236264,0.17826523703742128,0.0,0.0,24.0,0.52,51.61701966729015,0.42710771318525076,0.7243876193650067,36.24854498077184,0.1652693989686668,0.5987770847044885,0.01339393182657659,1.5151323545724154,93.02528908941895,0.6433292534722223,0.02431059267104135
J_2246,52,0.48639657170091816,0.8615666666666665,0.5780957465755899,0.9403666666666665,0.026799999999999997,0.023766666666666672,0.008483333333333336,0.0005666666666666663,1.6666666666666667e-05,15.367678671365102,0.3996408731400259,0.3676786713651019,13.814645096897475,0.9118983901066685,2.418090584119724,0.0085826048692842,0.11504832243567872,0.025036970349899497,-2.940752075367802,0.28571428571428575,0.0,0.0,0.7992817462800518,0.0085826048692842,0.11504832243567872,0.0,0.0,28.0,0.52,55.690236216410995,1.032322358340025,0.5250275481492281,24.50058167334646,0.1876001387182623,0.5713345856405795,0.026432825764641166,1.0569035443477333,82.8558592312038,0.551156286954365,0.007235218334351839
J_3437,53,0.4859306205088082,0.6869500000000001,0.78440869220692,0.8570833333333333,0.07429999999999998,0.025833333333333326,0.03063333333333331,0.010933333333333337,0.0012166666666666652,14.841241726871885,0.2443561206337276,0.15875827312811452,12.447775465975788,0.28765315672515746,2.526919956052316,0.01700038999558324,0.2073477445613094,0.014801802272692567,-4.382155240661624,0.0,0.0,0.0,0.4887122412674552,0.01700038999558324,0.2073477445613094,0.0,0.0,24.0,0.52,59.451686770655215,1.4262548480182886,0.3639557340182364,41.89701069146395,0.1827156814560294,0.3824194108135998,0.008290048772469163,1.0015434864908457,33.89055690262467,0.6614759535590278,0.017606554144295142
J_4981,54,0.4842633713278609,0.8697333333333329,0.4978169861612005,0.939583333333333,0.03560000000000001,0.016333333333333342,0.004016666666666668,0.0013666666666666656,0.0031000000000000003,15.455567247702644,0.423228243875622,0.45556724770264445,13.795726024743173,0.9473246934113156,2.4402023737832534,0.0022358313580858884,0.1555047901967718,0.007755801548985412,-3.4441962966082897,0.28571428571428575,0.0,0.0,0.846456487751244,0.0022358313580858884,0.1555047901967718,0.0,0.0,28.0,0.52,42.13861330412328,0.4152019126340747,0.520685912296176,27.485690410248935,0.18256908107548953,0.5726845056749881,0.01204034940339625,1.6055113920010626,94.88097904715687,0.5836235426587302,0.032868550225300254
J_313,55,0.48360821470467225,0.5306166666666664,0.7766404624713985,0.7772999999999997,0.13201666666666667,0.06856666666666665,0.016783333333333313,0.004016666666666667,0.0013166666666666654,15.24864192190385,0.08008352197028641,0.24864192190385026,12.594507527452198,0.006491310745927602,2.4304429530529505,0.002208802561223685,0.13671788515561642,0.004388109805222781,-4.103135910701169,0.5471840922751706,0.0,0.0,0.16016704394057282,0.002208802561223685,0.13671788515561642,0.0,0.0,28.0,0.45,30.922094190493226,0.32428446784615517,0.5469073524698616,29.102409915067255,0.21811775962822139,0.538659080862999,0.0008328063134104013,0.7326351166702807,17.706462643109262,0.5505416249999999,0.003099087433728604
J_3880,56,0.48138854711925866,0.5034249999999999,0.8050166666665692,0.8050166666666666,0.0568833333333333,0.04878333333333334,0.07321666666666667,0.01276666666666665,0.003333333333333331,14.935594761527227,0.05948012034363036,0.06440523847277291,11.899840936549243,0.003241943280261205,2.77122006143003,0.009592304702779633,0.1689592792571157,0.0034288391424488677,-3.8684767985795103,0.605043054257851,0.0,0.0,0.11896024068726072,0.009592304702779633,0.1689592792571157,0.0,0.0,20.0,0.6,59.09053958952427,0.11152247339487076,0.3109261921606958,33.2434664061293,0.18946402692236006,0.6464287532493472,0.028172832364216447,1.8286297111772,52.653587739914656,0.7358020604166664,0.0018357792432430536
J_2323,57,0.4777327796425543,0.5944083333333329,0.76128797416302,0.8151499999999996,0.09564999999999996,0.05421666666666668,0.021816666666666658,0.012433333333333338,0.0007333333333333327,15.262100831251164,0.1580018328750375,0.2621008312511641,10.679270649639696,0.0056859321992426826,2.555909032674816,0.0026873763058264223,0.17067986934868845,0.004920641229074373,-4.11650858918108,0.46666666666666684,0.0,0.0,0.316003665750075,0.0026873763058264223,0.17067986934868845,0.0,0.0,24.0,0.45,44.8643694659695,0.28132227156311274,0.44379382226616143,42.70745909772813,0.21290128626860677,0.38376467442139983,0.0020459029264748097,1.376467158086598,73.14792917575687,0.5974690724826385,0.006134918585385149
J_668,58,0.476295074270175,0.8150000000000006,0.6543723692916679,0.915383333333334,0.04506666666666666,0.028716666666666647,0.008333333333333342,0.002500000000000002,0.0,14.733189563343622,0.37215250369999336,0.26681043665637816,12.385914670010045,0.28014178355368324,2.5295749849446376,0.017227515898305033,0.16824534367728103,0.011398955802261634,-3.4884279011098136,0.0,0.0,0.0,0.7443050073999867,0.017227515898305033,0.16824534367728103,0.0,0.0,24.0,0.52,50.10435198806226,1.0065864874050021,0.650362918805331,21.491766492836177,0.21078440606594084,0.6402988031506538,0.019111606171354652,1.0545917442068458,34.066335312090814,0.6209703268229166,0.01584372118270947
J_3949,59,0.4762147854407587,0.5805166666666662,0.7985819862240405,0.8066999999999994,0.11024999999999997,0.032200000000000006,0.04386666666666664,0.001349999999999999,0.005633333333333334,14.816334428071496,0.13611687844907996,0.18366557192850408,10.73113341350197,0.006150866024134599,2.504462885265744,0.0013990849112023656,0.1300581587150942,0.004225281940506893,-3.7638780637314384,0.46666666666666684,0.0,0.0,0.27223375689815993,0.0013990849112023656,0.1300581587150942,0.0,0.0,24.0,0.45,37.03636348620057,2.19096976518631,0.4408250550739467,24.444489162415266,0.21735692812129856,0.5673243741504848,0.004177370192483067,1.7568802582100034,68.06232750881463,0.5879770112847228,0.005817504626730962
J_1277,60,0.472788611604659,0.7732749999999992,0.7782415389121692,0.9086999999999992,0.030116666666666663,0.007199999999999997,0.04998333333333337,0.004,0.0,15.101993456794244,0.3260874747380839,0.10199345679424354,13.83905887166159,0.9041743712485134,2.435031677256058,0.019277041884548318,0.14095842914007178,0.0282654084600967,-3.416393610179055,0.28571428571428575,0.0,0.0,0.6521749494761678,0.019277041884548318,0.14095842914007178,0.0,0.0,28.0,0.52,51.71859398391098,0.5921209808439016,0.3187539756298065,31.133565893396735,0.19926367518492044,0.5267353259958327,0.02085228064097464,1.8985458938404918,16.031694593839347,0.5734071541418653,0.02419898571253348
J_1412,61,0.4689419528359917,0.5414750000000004,0.8230715753809151,0.8296000000000002,0.02929999999999998,0.03620000000000002,0.08744999999999997,0.01744999999999998,0.0,15.24112072397091,0.10720000296064684,0.24112072397091033,11.900506838377705,0.002638043351186604,2.822249570641365,0.011415717452934132,0.1614992580924211,0.004730716469142672,-3.4392574143998096,0.605043054257851,0.0,0.0,0.21440000592129368,0.011415717452934132,0.1614992580924211,0.0,0.0,20.0,0.6,38.70650875288993,0.7550712609663606,0.343833480682224,34.17393514420837,0.20986147933639587,0.6410755588673056,0.02103243665769696,0.5687366533093154,63.9657034445554,0.751382008854167,0.0031905154379854705
J_1634,62,0.46414646150440664,0.7758083333333329,0.7634030121272692,0.9017499999999995,0.04513333333333331,0.032383333333333326,0.015016666666666656,0.005716666666666667,0.0,14.996586516435011,0.3502330568388134,0.0034134835649890505,12.469121779395536,0.28550608955866147,2.5400236871657302,0.01966466833768553,0.19361407671491976,0.007200609568780665,-3.938307619067574,0.0,0.0,0.0,0.7004661136776268,0.01966466833768553,0.19361407671491976,0.0,0.0,24.0,0.52,44.127468961291015,0.3329942598938942,0.5456690738908947,42.2800292307511,0.1946506539452821,0.6069355911575258,0.027555771823972463,0.7620910061523318,51.99416162446141,0.6361095030381946,0.012018364603297988
J_3882,63,0.4579659140615866,0.7592750000000008,0.755503396096918,0.8868666666666674,0.061733333333333286,0.008883333333333333,0.01971666666666665,0.019249999999999993,0.0035499999999999954,14.938428589297876,0.340180143037324,0.061571410702123686,13.620554076473997,0.9719920990075782,2.421219449516933,0.005386589865782881,0.16625740812720494,0.004513511276784198,-3.9343769112241116,0.28571428571428575,0.0,0.0,0.680360286074648,0.005386589865782881,0.16625740812720494,0.0,0.0,28.0,0.52,49.69604261498898,1.3242061492055655,0.594013292528689,24.928746516816318,0.21928259600885214,0.46975135039538146,0.00700777773745358,0.9317888007499278,92.49962030909956,0.6177209873511904,0.0314637527892022
J_26,64,0.45462206913954656,0.5896499999999998,0.7523100459771412,0.8054166666666666,0.11328333333333333,0.05016666666666666,0.023383333333333343,0.007483333333333331,0.0002666666666666667,14.731273685963282,0.15349109208801798,0.26872631403671754,13.768199141979403,0.9211986155988962,2.4326455291812716,0.009724225132305054,0.09330109517486926,0.006483493089372134,-3.2226850150320714,0.28571428571428575,0.0,0.0,0.30698218417603595,0.009724225132305054,0.09330109517486926,0.0,0.0,28.0,0.52,57.05910606868565,0.37071129586547613,0.5958867228589952,36.82630879804492,0.18825504479929805,0.44259751345962284,0.028876474192366004,0.5350531288422644,56.32255757693201,0.5423751106770834,0.03691848821103427
J_2330,65,0.4471207715915685,0.6721750000000001,0.6498979306140893,0.8756833333333333,0.028666666666666663,0.027916666666666666,0.05223333333333331,0.011749999999999988,0.00375,15.328862280139184,0.2622938191600386,0.32886228013918384,13.620326055251676,0.9555019746891457,2.3748443473714143,0.005460095404073163,0.15987855381457447,0.01086676145978039,-3.9521282029527462,0.28571428571428575,0.0,0.0,0.5245876383200772,0.005460095404073163,0.15987855381457447,0.0,0.0,28.0,0.52,58.33755850419402,2.527617867104709,0.4809642440639436,26.39269044622779,0.16741541556082665,0.47797614457085724,0.012055184422060846,0.7248347317799926,65.75620797928423,0.6595873303571429,0.046543067067340856
J_1637,66,0.44159285112888286,0.5593833333333328,0.6978001186864771,0.7940833333333327,0.12126666666666669,0.07443333333333334,0.0011999999999999988,0.002833333333333336,0.006183333333333336,14.679883006757718,0.15390963596377916,0.3201169932422818,13.872025232621182,0.9470300647918416,2.4410742959761604,0.004310323174505871,0.15309726138632862,0.00713169081278882,-4.069223744921656,0.28571428571428575,0.0,0.0,0.3078192719275583,0.004310323174505871,0.15309726138632862,0.0,0.0,28.0,0.52,55.36333207692951,0.40526771172881126,0.4550920414738357,38.00404030364007,0.15263276160694658,0.3961278237402439,0.008136681821197271,1.4479574565775692,74.8463473143056,0.5894422977430556,0.03591822317928035
J_2357,67,0.43983503144970176,0.7864833333333339,0.540550074402275,0.9054333333333338,0.045916666666666675,0.01528333333333332,0.030749999999999993,0.00261666666666667,0.0,15.398495968714997,0.3782825471578296,0.3984959687149967,13.864115612144412,0.8992626862665438,2.4284020334850593,0.010629528784261271,0.1477960386653125,0.015831535107885097,-3.373387403698306,0.28571428571428575,0.0,0.0,0.7565650943156592,0.010629528784261271,0.1477960386653125,0.0,0.0,28.0,0.52,50.4063107566908,0.5133994901552796,0.5908733938820661,42.25911917630583,0.16244011550210416,0.6115635575726628,0.022634013416245578,1.950625871308148,82.29272374883294,0.5835108929811514,0.01765576539889482
J_625,68,0.43919821024318906,0.67955,0.537443352355931,0.8471,0.09154999999999992,0.04351666666666664,0.006483333333333333,0.008183333333333334,0.003166666666666666,15.408290919873485,0.2661921911298069,0.408290919873485,14.31647628532505,0.01298963634737046,2.3722332707717992,0.0030188248655325647,0.10939925522304904,0.0110660271437915,-3.3018884534372956,0.7377725869281644,0.0,0.0,0.5323843822596138,0.0030188248655325647,0.10939925522304904,0.0,0.0,32.0,0.45,26.793739411979914,0.14264739397913218,0.6193476935848594,38.007645080797374,0.2147409777250141,0.6026934705674649,0.012019836595281958,1.2751302672550082,67.84026900772005,0.49561930371093793,0.010318449424805724
J_4354,69,0.43150077034022605,0.7786666666666666,0.5190489652216512,0.8859666666666667,0.07891666666666665,0.020949999999999993,0.009383333333333344,0.004783333333333334,0.0,14.584285688011164,0.36334498289889855,0.415714311988836,13.854679463706784,0.9418525190179801,2.4337842559950262,0.010869534751313083,0.08645541579245823,0.019308680548712587,-2.5646003683707193,0.28571428571428575,0.0,0.0,0.7266899657977971,0.010869534751313083,0.08645541579245823,0.0,0.0,28.0,0.52,40.14063054230064,0.23211022932082415,0.6554392396472395,32.91420035995543,0.19079083087854087,0.5624769158661366,0.01828141847625375,1.26366700604558,55.494850049726665,0.5222056923363101,0.015455756870520013
J_4915,70,0.4302662458322474,0.589175,0.7752765903672286,0.7931166666666667,0.13869999999999996,0.056599999999999984,0.007883333333333334,0.003649999999999999,5e-05,14.858521056404017,0.17856012177661199,0.1414789435959829,10.681861813404776,0.015457606992821935,2.5433411140995315,0.004399298209285655,0.08740406685400848,0.009869352094859906,-2.992272459243436,0.46666666666666684,0.0,0.0,0.35712024355322397,0.004399298209285655,0.08740406685400848,0.0,0.0,24.0,0.45,46.457517377100885,1.3904768703505397,0.5343464121222496,32.72305177990347,0.21513161244802176,0.5524357395246625,0.029882872318848966,1.6527248686179519,57.03129483386874,0.5098191206597221,0.011510156896204379
J_2517,71,0.428493084828168,0.6093749999999999,0.38481927989362114,0.8105999999999998,0.11613333333333338,0.048483333333333295,0.01753333333333335,0.007083333333333339,0.00016666666666666666,14.489136487363066,0.1714159021261834,0.5108635126369343,12.57843174361064,0.006794943932607853,2.420746821344622,0.0036481995552739154,0.09979449857116598,0.0047460805940540115,-3.2666269180802217,0.5471840922751706,0.021727025273868605,0.0,0.3428318042523668,0.0036481995552739154,0.09979449857116598,0.0,0.0,28.0,0.45,59.00552860368043,1.194728379137814,0.7552431819029153,39.3073695525527,0.19034537004306912,0.39443107144907114,0.01771830266341567,1.0600173375569284,89.66790752019733,0.5307925256696431,0.00526389681834513
J_2563,72,0.4265556042727663,0.5779666666666664,0.8105251188621355,0.8144666666666663,0.08201666666666661,0.035566666666666656,0.044866666666666694,0.023083333333333324,0.0,14.935353263861675,0.16661544764714317,0.06464673613832517,12.470537597566882,0.3126047988473216,2.5660868250196835,0.05473741940043647,0.17029237981384518,0.037634433760895564,-3.5896081057989826,0.0,0.0,0.0,0.33323089529428634,0.05473741940043647,0.17029237981384518,0.0,0.0,24.0,0.52,47.481263894587755,0.00135873444378376,0.771886491868645,36.64414135739207,0.18578599277883767,0.48126969216391446,0.00851221893914044,1.0288588097319007,37.615718599408865,0.636422884982639,0.03480770201826542
J_533,73,0.4232227639345324,0.7161083333333328,0.5670178522446833,0.8657666666666661,0.0783833333333333,0.020999999999999998,0.029783333333333342,0.0042,0.0008666666666666658,15.368952981455028,0.321230621238697,0.36895298145502764,13.750547918061034,0.9461330125908183,2.3870754250181294,0.0048106822133171506,0.12300157178622079,0.02408314393304169,-3.319978163167077,0.28571428571428575,0.0,0.0,0.642461242477394,0.0048106822133171506,0.12300157178622079,0.0,0.0,28.0,0.52,45.184169540181756,2.0910634668543935,0.30355339096859096,26.77890230435878,0.21435889789834617,0.5537534683011472,0.023821821212768553,1.0595023017376661,83.83890115655959,0.5689312697172619,0.014671866128464542
J_1741,74,0.4013189331062715,0.6998000000000001,0.6780771778505821,0.8763,0.0412,0.038633333333333325,0.025666666666666664,0.018199999999999987,0.0,14.761561066123523,0.32954526636124426,0.23843893387647697,10.731273901899968,0.023070523141670803,2.516802311674307,0.006671147402523892,0.13759909267511103,0.004353250983353644,-3.2351539708225237,0.46666666666666684,0.0,0.0,0.6590905327224885,0.006671147402523892,0.13759909267511103,0.0,0.0,24.0,0.45,56.92989266384393,2.3458737898617983,0.3352273294702172,36.1506213247776,0.1754796085227281,0.42824616217985745,0.00974462667480111,0.965229706838727,98.96100734360516,0.6077489205729166,0.005082718332234301
J_2212,75,0.4002767652853153,0.49920833333333264,0.787631566554216,0.8246999999999994,0.008300000000000002,0.00790000000000001,0.13378333333333337,0.025316666666666696,0.0,14.718944748393533,0.12909867019774957,0.2810552516064675,11.902931744865116,0.004595922301380483,2.8035112385740923,0.020689866914752313,0.16204814242843354,0.005589471229704504,-3.2596089771923387,0.605043054257851,0.0,0.0,0.25819734039549913,0.020689866914752313,0.16204814242843354,0.0,0.0,20.0,0.6,53.538884745910764,0.8369428161531687,0.4139356354251504,29.22457384876907,0.2000138770416379,0.6397783285938203,0.011691562179476022,1.8969716103747487,78.7027995660901,0.7574742749999992,0.006443466068305039
J_3834,76,0.39939817448999826,0.8344583333333333,0.4815648035630178,0.9332333333333332,0.022766666666666654,0.01853333333333332,0.018400000000000003,0.005116666666666667,0.0019500000000000003,14.53900421038526,0.4579070727345158,0.4609957896147403,13.874455950780662,0.9031845842426695,2.4154014372854795,0.00918055753044978,0.10974877062562305,0.029532386055581148,-2.6442276008365195,0.28571428571428575,0.0,0.0,0.9158141454690316,0.00918055753044978,0.10974877062562305,0.0,0.0,28.0,0.52,58.06259582284838,1.3995517054572701,0.32650376642122864,22.876876760274172,0.17329677266068755,0.5385263632051647,0.020489536374807358,1.4678195719607174,81.84025115333498,0.5384828191964285,0.007682361016295555
J_979,77,0.3951911702792829,0.4944166666666663,0.7804348640883191,0.7817833333333329,0.09573333333333331,0.0688333333333333,0.0327166666666667,0.017599999999999994,0.003333333333333331,14.868889061597642,0.12613383232430775,0.1311109384023581,10.722793626880266,0.007656302945490323,2.525600835650622,0.003916499337963254,0.11546634242362387,0.005131607989453863,-3.464120081110536,0.46666666666666684,0.0,0.0,0.2522676646486155,0.003916499337963254,0.11546634242362387,0.0,0.0,24.0,0.45,30.040220201946795,2.2482197396457195,0.40264172265306114,32.092606886290014,0.2114019543863833,0.6103096016682685,0.0011485920567065476,1.9250945691019297,84.74890435114503,0.5728690989583338,0.005266373487922335
J_3475,78,0.39457511556205777,0.8465416666666667,0.6229894710794452,0.9277833333333334,0.04118333333333335,0.016833333333333318,0.011366666666666669,0.002833333333333334,0.0,14.853487315152046,0.48963677320410876,0.14651268484795388,10.802428292184782,0.016969864815293632,2.544819710212782,0.0034159331484985432,0.15751275469499607,0.008853676930816139,-3.1897352669012746,0.46666666666666684,0.0,0.0,0.9792735464082175,0.0034159331484985432,0.15751275469499607,0.0,0.0,24.0,0.45,50.1846485780552,1.2874155789613724,0.4243334924802184,37.10991419386119,0.15914981598965824,0.6221839857287705,0.020775688709691167,1.8689660639502108,89.56600387580693,0.5823489978298609,0.008949438276923141
J_1725,79,0.39442276457372244,0.5895916666666672,0.6211450051774825,0.8232500000000005,0.07598333333333333,0.06069999999999998,0.028333333333333332,0.011733333333333339,0.0,15.34026280731045,0.23177563570386842,0.34026280731045055,13.667487928613005,0.9746833230331591,2.4366606426447377,0.006752506344188765,0.15993194713207212,0.008355674376984092,-3.89214691875684,0.28571428571428575,0.0,0.0,0.46355127140773683,0.006752506344188765,0.15993194713207212,0.0,0.0,28.0,0.52,59.96641238126904,0.06091788969933987,0.5754847775213421,44.63126645889133,0.19047398574650287,0.3773512125946581,0.011577530549839139,1.2497377581894398,18.24042629916221,0.6054616074528766,0.028673631523789246
J_357,80,0.38869515886487177,0.5942166666666664,0.7457950437925248,0.7882999999999999,0.15088333333333342,0.045833333333333365,0.007999999999999998,0.006650000000000002,0.0003333333333333333,15.12178512235898,0.23051441737328318,0.12178512235898076,12.463542032033379,0.017298010876534896,2.3755567647011313,0.0023976148007549326,0.10476686788746402,0.007833426876499655,-3.452568499382166,0.5471840922751706,0.0,0.0,0.46102883474656636,0.0023976148007549326,0.10476686788746402,0.0,0.0,28.0,0.45,55.07739729993045,2.395952543243766,0.4946296100504696,38.94719325937331,0.210653718020767,0.3691222903318703,0.02572208845987916,1.312855217140168,84.03096129652113,0.5425612816220243,0.00707969318756003
J_1913,81,0.3843808866735646,0.5115416666666666,0.4277378945362231,0.7597166666666665,0.15658333333333327,0.07576666666666662,0.004749999999999998,0.0004666666666666664,0.0027166666666666706,14.523844699803089,0.15030896907877975,0.4761553001969112,12.58832025334178,0.019284361939631678,2.4222765607802605,0.004503048897954312,0.10159885413861942,0.005784648852264421,-3.3318875725095243,0.5471840922751706,0.0,0.0,0.3006179381575595,0.004503048897954312,0.10159885413861942,0.0,0.0,28.0,0.45,25.335399155505,1.3359211469069123,0.3844732718542218,31.659071245230734,0.2164186390861869,0.6481421402655543,0.012644333727657794,1.2078697802498937,61.66926904115826,0.5057651499255956,0.005081263139042603
J_3885,82,0.38180038641952585,0.9057583333333338,0.5397930973648128,0.9638666666666671,0.00916666666666667,0.020266666666666655,0.0035833333333333316,0.002350000000000001,0.0007666666666666659,15.306382747073567,0.56044658207843,0.3063827470735667,12.450211673473293,0.2679291948491244,2.5274940133927135,0.018459839579957987,0.18287421981840446,0.01160004482555495,-3.171683088141551,0.0,0.0,0.0,1.12089316415686,0.018459839579957987,0.18287421981840446,0.0,0.0,24.0,0.52,51.775083049200475,0.9141000900417566,0.6206216813996435,30.742631019093096,0.17393827573396264,0.530673558730632,0.017522684829309583,1.652904369868338,31.681720702908933,0.6387782361111112,0.014359713824381977
J_2945,83,0.3815261187284849,0.6245833333333328,0.7661168783672909,0.8108666666666662,0.12668333333333334,0.04473333333333335,0.013600000000000015,0.0040500000000000015,6.666666666666667e-05,15.016690141028318,0.2602358863312068,0.01669014102831845,14.332411232857785,0.012927887771798902,2.3988677313421816,0.00451302697039769,0.077740740846231,0.008566422067665669,-2.965640253072722,0.7377725869281644,0.0,0.0,0.5204717726624136,0.00451302697039769,0.077740740846231,0.0,0.0,32.0,0.45,36.19348979461938,0.3878904702141881,0.457887639477849,43.42321444302797,0.18419914155267178,0.5134785680100322,0.025336254369467497,0.719317504670471,41.33898023981601,0.45643752473958316,0.006421478106968679
J_1418,84,0.3802658480745249,0.7224166666666665,0.42979920431032836,0.8690499999999999,0.07570000000000002,0.036116666666666665,0.0075000000000000015,0.008900000000000003,0.0027333333333333315,15.501804189639389,0.3714768354741248,0.5018041896393886,13.699741313233597,0.9496247694323408,2.387271522687074,0.00266810842564461,0.14429056005188456,0.026504931683487803,-3.4474293289446765,0.28571428571428575,0.0036083792787771074,0.0,0.7429536709482496,0.00266810842564461,0.14429056005188456,0.0,0.0,28.0,0.52,37.42837787233293,2.0757094686850905,0.3974824586883187,29.831784083507955,0.1964147830288857,0.48781471606343985,0.012493260679766536,0.810625396668911,57.438956196419895,0.6230407974950397,0.0654867252733989
J_2073,85,0.3799447603785425,0.71765,0.5808595638203579,0.8696499999999999,0.07288333333333331,0.029883333333333338,0.01538333333333333,0.007716666666666666,0.004483333333333326,14.67479340352206,0.37136918788560724,0.3252065964779405,13.708615609292188,0.9480984721325999,2.4358754141795966,0.0026782295299549457,0.14001225211650914,0.012987372485901899,-3.3622864770336447,0.28571428571428575,0.0,0.0,0.7427383757712145,0.0026782295299549457,0.14001225211650914,0.0,0.0,28.0,0.52,42.288834638893604,0.7653791550546885,0.5577118445187808,25.277491570450366,0.20217263858765364,0.48217407828196884,0.012231622785329818,0.5718939402140677,71.76330611575395,0.5721943693576389,0.03397691065403977
J_188,86,0.3748703658396523,0.6892416666666669,0.662800006153826,0.8622166666666667,0.06185000000000003,0.02359999999999997,0.0327,0.01963333333333335,0.0,14.75984369985299,0.3336141769864802,0.24015630014701017,12.42535709028921,0.27700214538789514,2.555643411224029,0.044222736522365816,0.1654169776825941,0.030693176567793995,-3.169708158878432,0.0,0.0,0.0,0.6672283539729604,0.044222736522365816,0.1654169776825941,0.0,0.0,24.0,0.52,58.94714275281876,0.050870354287326336,0.7639239828102291,26.73569531645626,0.19709510404616593,0.5461683401837945,0.006768401507288217,1.7534914198331535,86.7981140455231,0.6235220481770832,0.01948566262101101
J_3962,87,0.36956781060501726,0.7624416666666664,0.6544990802345612,0.882333333333333,0.07686666666666668,0.03223333333333334,0.008283333333333337,0.00028333333333333335,0.0,14.84743648734188,0.41405892513948667,0.1525635126581193,13.833674119510816,0.9597613711059327,2.434401572033593,0.015029536381347729,0.11479934907404585,0.02950462825546696,-2.8715641338216673,0.28571428571428575,0.0,0.0,0.8281178502789733,0.015029536381347729,0.11479934907404585,0.0,0.0,28.0,0.52,39.81136916857213,0.5516104325652122,0.4246084221638739,43.158273566514254,0.20463404221460224,0.5769398903474212,0.028818988306447864,1.1646996708586812,44.902991396375,0.542758473772322,0.010339879848533719
J_2380,88,0.36737423579823697,0.3797666666666662,0.7811499991355844,0.7811499999999996,0.022850000000000006,0.07848333333333335,0.08273333333333335,0.024549999999999992,0.010233333333333339,14.761543052961981,0.043726547836372455,0.2384569470380189,11.943963540170703,0.005486459285242938,2.794366334989138,0.01451705265309156,0.15437057317795624,0.004123703590269738,-3.428194918930015,0.605043054257851,0.0,0.0,0.08745309567274491,0.01451705265309156,0.15437057317795624,0.0,0.0,20.0,0.6,49.741987561807036,0.4849979421123862,0.36018346035853027,21.882272493094206,0.1669335189834237,0.6444538298994302,0.01586589532904327,1.1843157159164548,17.753368909470737,0.7399789203124993,0.006616402541081572
J_4853,89,0.3617892931871247,0.5002583333333335,0.7347490783469562,0.7534333333333335,0.15913333333333335,0.07868333333333333,0.002283333333333336,0.005150000000000001,0.0013166666666666654,15.180172291066631,0.16287215042508368,0.18017229106663102,12.576853335709025,0.007790261677127383,2.421859023876758,0.0030684893579766416,0.10374941983145301,0.003425053965243449,-3.454348743258546,0.5471840922751706,0.0,0.0,0.32574430085016737,0.0030684893579766416,0.10374941983145301,0.0,0.0,28.0,0.45,21.44930899143219,1.442208794876933,0.43013423793017863,38.45350384246558,0.21285959783010183,0.6116296187043191,0.007211870457977056,1.1148913009092212,48.1463657040149,0.5184316633184523,0.0027212881297187905
J_1021,90,0.35398749195739887,0.6737833333333337,0.24960486560535633,0.851266666666667,0.08660000000000002,0.003216666666666667,0.03415000000000001,0.0099,0.014866666666666634,15.574487412611086,0.1369218045861648,0.5744874126110862,12.587017150105613,0.003044513715821114,2.361045851775561,0.0012340037855425106,0.1648208117450384,0.0016673474465031739,-4.405935274797526,0.5471840922751706,0.1489748252221723,0.0,0.2738436091723296,0.0012340037855425106,0.1648208117450384,0.0,0.0,28.0,0.45,58.70726272277534,2.5828056447207928,0.3729091269895434,20.81542336847633,0.17634765261784197,0.5396880891174078,0.005610624672845006,1.6593705471605062,55.09650649968535,0.6303683843005955,0.002309857896740467
J_1333,91,0.350333242148897,0.6834249999999997,0.4406511394431414,0.8554499999999998,0.07338333333333331,0.04253333333333337,0.014633333333333318,0.01399999999999998,0.0,15.484422160896992,0.35162483133127076,0.4844221608969921,12.523120594815541,0.01467632013535659,2.395446544758245,0.002670843503485654,0.07947398092764352,0.006215571798187231,-2.5558210525946183,0.5471840922751706,0.0,0.0,0.7032496626625415,0.002670843503485654,0.07947398092764352,0.0,0.0,28.0,0.45,38.61927238013595,2.4199066506698728,0.3534574002958834,38.087384942919016,0.20596089786849917,0.4728594159707427,0.01999319569207728,1.2287022420205176,95.66298523917794,0.4933116060267861,0.005769412845011592
J_537,92,0.3449208814467808,0.6511666666666661,0.5927040148758741,0.8193499999999995,0.12576666666666672,0.04366666666666666,0.002283333333333336,0.008933333333333342,0.0,15.298291701875346,0.3278153440404273,0.29829170187534615,13.639378092476681,0.9508009097695586,2.4208658672962304,0.0123644579607068,0.11100715120358189,0.023321123725980886,-3.0234835247818217,0.28571428571428575,0.0,0.0,0.6556306880808546,0.0123644579607068,0.11100715120358189,0.0,0.0,28.0,0.52,51.32216954044998,0.68381401989609,0.654197267908603,20.49117507878691,0.21705999612808227,0.5690177937969565,0.025430907541885973,1.6877332353033125,77.40640642587095,0.5381047366691469,0.008416057031211805
J_2553,93,0.34145978435756347,0.6457750000000002,0.7088627975604445,0.8307000000000002,0.10513333333333334,0.04926666666666666,0.006300000000000008,0.003050000000000001,0.005549999999999994,15.085888700735284,0.3335175013179953,0.08588870073528376,13.640778028626219,0.9781918873052503,2.410037420296517,0.007349376302196902,0.13150789530662796,0.028695864485272723,-3.4329145505985412,0.28571428571428575,0.0,0.0,0.6670350026359906,0.007349376302196902,0.13150789530662796,0.0,0.0,28.0,0.52,38.66631877887994,1.490840113721788,0.5106664679013193,20.376928132027388,0.1845666885189712,0.5759781613945961,0.014382602144032716,1.6369228870607913,84.80475343763828,0.5735160975942459,0.05556015485797214
J_217,94,0.3404366533417365,0.46356666666666707,0.6951878772277832,0.795866666666667,0.06620000000000005,0.08746666666666661,0.01173333333333332,0.010266666666666693,0.02846666666666666,15.322047848219709,0.15567733462130326,0.3220478482197091,14.387253344616958,0.009586708671986187,2.3890846097530045,0.004258909492455082,0.13870710417040036,0.006300190601939179,-3.854994826027907,0.7377725869281644,0.0,0.0,0.3113546692426065,0.004258909492455082,0.13870710417040036,0.0,0.0,32.0,0.45,49.246897797100246,0.4433002145960927,0.5934881676919759,30.24315869435668,0.16578472134657204,0.36978119229897854,0.0025490254070609807,1.8710487433709204,52.49855083413422,0.5135822692057294,0.005643526418557819
J_2361,95,0.331708658222226,0.7343333333333336,0.5434335462039911,0.8839166666666669,0.054266666666666644,0.04651666666666662,0.012933333333333318,0.00236666666666667,0.0,15.342456059640137,0.43533174179506395,0.3424560596401367,12.615847210122672,0.023189063918892108,2.405146700379323,0.005226041746741721,0.14128035022930827,0.01902304337514539,-3.219498376816936,0.5471840922751706,0.0,0.0,0.8706634835901279,0.005226041746741721,0.14128035022930827,0.0,0.0,28.0,0.45,44.261187077499926,1.9216342018917203,0.3632763993926346,35.967977535910904,0.16397851266898214,0.5844155418686569,0.02477141607552767,1.0763033363036811,78.10273663606495,0.5529264750744047,0.02010127705382603
J_2773,96,0.3281968210224332,0.5958999999999999,0.5706079338561876,0.8270833333333332,0.08593333333333328,0.04246666666666667,0.013916666666666666,0.0109,0.019700000000000002,14.652526865721706,0.30326066771484117,0.3474731342782942,12.62885427390705,0.009138392058697004,2.3684462829536828,0.003664214993236293,0.14955838493557053,0.005591575628039504,-3.7345167894249776,0.5471840922751706,0.0,0.0,0.6065213354296823,0.003664214993236293,0.14955838493557053,0.0,0.0,28.0,0.45,47.26548432279378,2.5189830902963877,0.33984911181032657,22.686714380979538,0.17957528947852552,0.5913605733774603,0.021434149285778404,1.594377739354968,22.067853254266083,0.5751054118303577,0.007249694710228967
J_2374,97,0.325784724368375,0.7505333333333328,0.45703008877998513,0.8817999999999995,0.07046666666666669,0.039483333333333336,0.004533333333333332,0.002100000000000002,0.0016166666666666669,14.537340755013696,0.4445590578585761,0.4626592449863036,13.728658617322878,0.9374852887800328,2.4385337028743037,0.01218025794788216,0.10360231147023743,0.010700287340217817,-2.512735527150565,0.28571428571428575,0.0,0.0,0.8891181157171522,0.01218025794788216,0.10360231147023743,0.0,0.0,28.0,0.52,37.38132508099079,0.004800145514309406,0.42777345068752765,41.70697485562414,0.15751604253426194,0.6096834614872932,0.0218826961889863,1.3164438493549824,46.580227888189256,0.5255498730158733,0.025149358590870315
J_3869,98,0.318424897708698,0.627175,0.6078753538134335,0.8475666666666668,0.055050000000000016,0.03691666666666668,0.04451666666666666,0.011899999999999992,0.004049999999999999,15.297410064156784,0.336929179576881,0.29741006415678406,10.715192885941256,0.015716518158988908,2.5848452078911412,0.009098280026090165,0.1309128691944961,0.007529274647557058,-2.913815419794838,0.46666666666666684,0.0,0.0,0.673858359153762,0.009098280026090165,0.1309128691944961,0.0,0.0,24.0,0.45,40.09820457547903,1.4052814655005932,0.7201602498069406,31.4114637253806,0.16736235140822828,0.6275921779684723,0.0021429863758385182,1.8480989402160048,50.46918802894652,0.6160149722222227,0.010017524540466614
J_13,99,0.31775579833430156,0.43419999999999925,0.5081021537771809,0.780866666666666,0.039433333333333376,0.0394,0.07540000000000006,0.06489999999999997,0.0,14.554295730306562,0.1402323455649991,0.44570426969343835,10.697971999911392,0.012737808423247404,2.5941415282520754,0.011638945171390571,0.11843046593998656,0.004554876139995941,-3.0166117494851603,0.46666666666666684,0.0,0.0,0.2804646911299982,0.011638945171390571,0.11843046593998656,0.0,0.0,24.0,0.45,59.7782846102491,1.6203986322507262,0.7387884889729321,30.63684346154332,0.20099609283730388,0.4154087270610034,0.003764673555269837,1.449487226549536,76.65931521449238,0.6171100225694449,0.007542181677837509
J_837,100,0.31046998918922153,0.5334583333333333,0.7356709478123219,0.7826333333333334,0.11861666666666673,0.0592666666666667,0.02416666666666668,0.015299999999999982,1.6666666666666667e-05,14.93196756747703,0.25706565409917553,0.06803243252297086,12.55871276847603,0.006316407492304518,2.389367306423574,0.00836371360374929,0.15303666702775387,0.010398423388412781,-3.912796958874985,0.5471840922751706,0.0,0.0,0.5141313081983511,0.00836371360374929,0.15303666702775387,0.0,0.0,28.0,0.45,44.41185850929469,1.8489106502383947,0.41965784477069973,33.450344232842326,0.19802933419123292,0.4256422731094062,0.007695462992414832,0.5113915344700217,30.510465218685567,0.6043003928571432,0.014778622751081653
