recipe_id,mode,strict_score_06l_eval,strict_score_06l_direct_mean,strict_score_06l_direct_std,yield_score_06l,p_robust_valid_06l,mean_cd_fixed_06l,std_cd_fixed_06l,mean_ler_locked_06l,std_ler_locked_06l,mean_p_line_margin_06l,pitch_nm,line_cd_ratio,dose_mJ_cm2,sigma_nm,DH_nm2_s,time_s,Hmax_mol_dm3,kdep_s_inv,Q0_mol_dm3,kq_s_inv,abs_len_nm
G_3691,mode_a,0.3815947964632287,0.3154543934038847,0.7269442064430441,0.9999583333333333,0.9999833333333333,15.576069214234213,0.43448492545892653,2.544331249675781,0.018278316403425244,0.21387275797269403,24.0,0.52,59.27794052939862,0.19737313874065876,0.48414958752691745,30.64856923185289,0.18177000988274813,0.6312138759531081,0.017799156624823807,0.9048012448474765,50.0
G_1500,mode_a,0.5760180269786386,0.41070925516106754,0.5746047731463902,0.9999,0.9999666666666667,15.543840519392393,0.33720749097777913,2.5366612842144605,0.018594160853674192,0.21657662624174,24.0,0.52,59.61064776778221,0.6692313132807612,0.3649552927352488,33.2558043114841,0.17694425912573933,0.5755714560858906,0.012893415167927741,1.6178962769918144,50.0
G_4867,mode_a,0.667274690519635,0.795112162081661,0.24215583521789433,0.9997500000000001,0.9998833333333335,14.992983388620042,0.36842866690398074,2.534017332663486,0.019252063996088323,0.18231755768663857,24.0,0.52,52.676753897219896,0.6776348277926445,0.5002588990144432,29.275345294736326,0.1706448632106185,0.6455813481472432,0.019664063360542057,1.0673484671860933,50.0
G_3185,mode_a,-0.5822527211344549,-0.5588958353521394,0.9673452288631477,0.999825,0.9999333333333333,15.932290300042617,0.32915417289997173,2.5261990711432962,0.019599031706150995,0.21498747098576843,24.0,0.52,54.13421825878322,0.9893885711207986,0.35959234619513153,34.245778415352106,0.16786820678040384,0.6302088879980148,0.02199883854947984,0.6212781914509833,50.0
G_1226,mode_a,-0.003458549680646801,0.11220600990012378,0.7864023656036734,0.99995,0.9999833333333333,15.723414410318151,0.38029339058633377,2.5383624462499634,0.019409293612542598,0.2273308746656452,24.0,0.52,53.86767695378512,0.7991772992536426,0.33591859573498367,33.01915261428803,0.21817502029240132,0.4995112420059741,0.013306531207635999,1.3187890541739762,50.0
G_1679,mode_a,0.7133283913614632,0.5844713967349293,0.45072586859511765,0.9988250000000003,0.9993833333333336,15.38310316638525,0.32569078400809504,2.539638473395088,0.01970003270136273,0.20017676688095754,24.0,0.52,53.04285152815282,0.6175816683098674,0.4185003099963069,39.61149072740227,0.17210849289782346,0.5973837855271995,0.027088020052760838,1.238976410124451,50.0
G_3366,mode_a,0.21457211659771686,0.06801967654861127,0.6581251754931098,1.0,1.0,15.667999853152997,0.32902836535686364,2.5354689938223816,0.018572299241308814,0.22754476413690536,24.0,0.52,49.695911639370024,0.8923498978838325,0.33149425657466053,30.056207608431578,0.21137582533061505,0.6334934700280428,0.017279921416193247,1.4183912025764585,50.0
G_715,mode_a,0.7050670478639148,0.7667990475378074,0.18630120160227212,1.0,1.0,14.940611071060808,0.33122838965730994,2.531420149316789,0.017904546707130094,0.18099084349915937,24.0,0.52,53.13488420192152,0.8119138386100531,0.4316944188438356,26.48560533300042,0.20470118842087687,0.5199363170191645,0.006908052619546651,1.1299748960882425,50.0
G_1096,mode_a,0.6810209070321906,0.7944341986931788,0.2326615151810052,0.9994500000000003,0.9997666666666669,15.137430797023253,0.35768500541662784,2.543756442884051,0.019927474060925654,0.19687859791712425,24.0,0.52,54.77498465683311,0.2990975473076105,0.3910854572430253,43.31817008089274,0.1618718133959919,0.519607218913734,0.01730798020027578,1.4007178884930909,50.0
G_1553,mode_a,0.5830968386595349,0.4141041900371833,0.5442971433085384,0.9968333333333342,0.9984833333333343,14.653969948556545,0.441608143874126,2.530250004489991,0.02017493253155152,0.15183646186440963,24.0,0.52,55.33272649627179,0.8260480631142855,0.6297292487695814,24.14402368478477,0.17299987352453172,0.6490463101305068,0.014940116945654154,1.3684112299233675,50.0
G_3521,mode_a,0.5484662769621131,0.13358878341749889,0.4247291309243562,0.9996000000000002,0.9998000000000001,15.13997661576502,0.48727893624856067,2.5377506056407593,0.01831759004590692,0.18121603293450833,24.0,0.52,55.578329463489354,0.7054919404909015,0.5026414149440825,25.733013339340687,0.21830558368936182,0.6405440014787018,0.010224496582522988,1.5059860050678253,50.0
G_12,mode_a,-0.5121749747951868,-0.5679830364064175,0.7214120282725793,0.9981083333333337,0.9993500000000004,15.86344609432301,0.45783296932177575,2.521785896523706,0.020312113287475037,0.19217600322408565,24.0,0.52,54.67347263172269,1.2245240723714232,0.45896324021741747,29.81324869208038,0.19914712610654534,0.5968339773826301,0.009187169959768652,1.321106232702732,50.0
G_2699,mode_a,0.6749553009519117,-0.31044129252550684,0.8595011303382197,0.9800666666666675,0.9917333333333341,15.512014084943926,0.308913798100838,2.5385949720461567,0.017318548474778126,0.19401584582100093,24.0,0.52,49.572847441770136,0.12272468581795692,0.5828643824905158,32.865665555000305,0.20229601241648199,0.5803779413923621,0.009248145008459687,0.8495554770343006,50.0
G_1163,mode_a,0.7794441374993378,0.4920667125511282,0.13178179670147738,0.9905916666666691,0.995066666666669,15.152728155913266,0.25126066838547484,2.5415258293990988,0.01752521020214801,0.19550297727687052,24.0,0.52,44.20521835517138,0.39055242855101824,0.3935302157886326,31.000253353267908,0.20349605422466993,0.6107894139364363,0.008296383926644921,0.8209384735673666,50.0
G_534,mode_a,-0.007653305766063226,-0.031620691177476234,0.6223275519252316,0.9995500000000003,0.9997166666666669,15.76882782467137,0.2469838810895344,2.538042425523678,0.01741349416510822,0.21988318568053217,24.0,0.52,59.87893563229591,0.5245988667011261,0.3344970440492034,34.901051577180624,0.18685821142978964,0.5964107426814735,0.01151288190856576,1.7979914913885295,50.0
G_1470,mode_a,0.7405788052798622,0.5921343923702463,0.3160697033765598,0.9995166666666668,0.9998166666666668,15.131143620732512,0.2973635782526857,2.5374702851207047,0.018582603685306096,0.19086807483413687,24.0,0.52,51.53363247402012,0.48550059646368027,0.4602647197432816,40.866520260460675,0.17337030767463146,0.5254896852187813,0.02396841360256076,0.9648023387417197,50.0
G_2374,mode_a,0.5524231108746469,-0.5520234086068664,1.4832907865210423,0.9254250000000007,0.9698833333333341,14.994376504365484,0.4107940608605133,2.5263943712243178,0.018367019629542725,0.18790272619972306,24.0,0.52,46.53822338394821,1.372474447824061,0.349316821154207,24.533610539510846,0.18768935919739305,0.6450454883277417,0.011199572822079062,0.6015458237379789,50.0
G_590,mode_a,0.6611310960939193,0.24412016758017038,0.5184728103231346,0.9983333333333337,0.9992333333333336,14.826831900830644,0.37602653187945595,2.538942506207357,0.01814914644556952,0.1915954714513052,24.0,0.52,49.234969208948314,0.43546577263623476,0.4401523142121732,27.442381256259978,0.21297040559351443,0.5782038944773376,0.010807048520073295,1.5141079421155155,50.0
G_295,mode_a,0.31895853488173553,-0.2262266716142399,0.4860408152416572,0.9902916666666673,0.9961000000000007,15.594333040091206,0.42600727665765625,2.5348045536879114,0.017974204456390586,0.18664146949814736,24.0,0.52,55.8942561680451,0.5754380179569125,0.5481364463455975,33.07686921209097,0.18593018031679093,0.5241544905118645,0.008627537358552217,1.8874763250350952,50.0
G_3475,mode_a,0.682840734734425,0.3472519995179762,0.319398489398183,0.989008333333335,0.9952500000000017,14.957454617902018,0.34489248955842394,2.537327241806447,0.017780934248471176,0.19046143233499804,24.0,0.52,38.158132541924715,0.27501923963427544,0.4667141690850258,32.259662337601185,0.2013138731569052,0.5935464720241725,0.009663899671286344,1.1133517744019628,50.0
G_599,mode_a,0.5430566778490552,0.5088573288629346,0.4370471907020047,0.9824666666666669,0.9910833333333336,15.268174205369002,0.4795115366130659,2.5279779659299026,0.01800567587678376,0.19641754293538433,24.0,0.52,47.94217657763511,0.8630671966820955,0.38625238854438065,30.682049463503063,0.20147072018124162,0.4851791176944971,0.010016533490270376,1.0683001456782222,50.0
G_4413,mode_a,0.5652127862587087,0.606697088541415,0.2824000117521847,1.0,1.0,15.00486067434424,0.4738219880818447,2.538956505929455,0.019894647266333804,0.1959283918948812,24.0,0.52,58.56522271502763,0.6288422271609306,0.4579819885082543,29.39901410602033,0.18923971072770654,0.5620154602453112,0.018122892435640095,1.4903425797820091,50.0
G_322,mode_a,0.750015534922582,0.4374757402710961,0.29234098936246167,0.9928250000000006,0.9966333333333339,14.62487781519285,0.2813441652788326,2.5376811547691918,0.01747202813323514,0.18908285707212627,24.0,0.52,48.063295246101916,0.33668836019933224,0.4018833862617612,37.40208650007844,0.1699347008764744,0.497319816891104,0.01311454209499061,1.6822075145319104,50.0
G_1744,mode_a,0.5183029359784057,0.011094553534490525,0.7400887206067683,0.99995,0.9999833333333333,15.51546805261869,0.4778961976781629,2.5394316093861757,0.018322142945810336,0.2072574519421763,24.0,0.52,58.401948457583785,0.006242763251066208,0.46145198233425616,31.887378455139697,0.2058198464848101,0.4993485749699175,0.010997036285698413,1.777933151461184,50.0
G_4924,mode_a,0.1129004636001637,-0.29484303101411086,0.4458719907298101,0.9563500000000011,0.9797500000000012,15.659662086727762,0.40028976782258746,2.52365915759639,0.019437385672363052,0.18218073776886817,24.0,0.52,42.34293523337692,1.168808181770146,0.5518927287310362,30.957867419347167,0.18950295073911547,0.5884824329055846,0.008487394955009222,1.7428321451880038,50.0
G_2041,mode_a,0.6840793891849242,0.2781294354055675,0.22348163059829204,0.9537000000000007,0.9769833333333338,14.923802544880852,0.30522089908790395,2.5376927233113635,0.019042565477474092,0.180486284046258,24.0,0.52,44.87577476911247,0.4665337884798646,0.5655918779782951,28.358783996663988,0.18829111898317932,0.6396164623089136,0.020389597797766328,1.036932282615453,50.0
G_3157,mode_a,0.4839194488904454,0.4007729261474886,0.5236485352606919,0.999875,0.9999333333333333,14.420098036821626,0.3137491651373921,2.540016493552072,0.01791678529834614,0.18583158484852993,24.0,0.52,50.590192353352904,0.3360791075974703,0.5033962206915021,28.184296800754964,0.19817508765496314,0.5458947274833917,0.019984139073640106,1.3247390585020185,50.0
G_1990,mode_a,-1.7505876412232806,-2.1997908262046555,1.2160235526242364,0.635018943828529,0.9727500000000017,16.29412272283814,0.3352804684582428,2.5195475855130773,0.018740385471865798,0.18915808727457895,24.0,0.52,55.017908544279635,1.4722480215132236,0.49052053801715373,32.045160634443164,0.17406113252043723,0.5756974662654102,0.007777382517233491,1.902887124568224,50.0
G_2530,mode_a,0.7336676170547886,0.42404915705143487,0.2788179575747121,0.9867583333333351,0.9946666666666684,14.769597819734615,0.2894626358265037,2.538177484707436,0.01747473900243525,0.1804371561966989,24.0,0.52,56.318099590949714,0.35498169623315334,0.6283247789368034,27.26448579225689,0.20972623563371598,0.5219066297635436,0.010699593722820281,1.2174192517995834,50.0
G_1220,mode_a,0.5672639806645214,-0.9098730462304726,0.7666973165888035,0.9302083333333342,0.9720833333333342,14.661960388200272,0.398042783403205,2.5189860578137906,0.019788684385594606,0.17997109170875789,24.0,0.52,51.988285205326974,1.944337665103376,0.4229609381407499,26.04285153094679,0.1922681549191475,0.5487233915366232,0.017886203275993464,1.5166231039911509,50.0
G_4478,mode_a,0.5652712273039675,-0.978472255801706,0.5447173905493603,0.9695833333333347,0.9883666666666681,15.455432663195278,0.44090832292152254,2.53617910623487,0.018793498455663648,0.18397186447994887,24.0,0.52,56.38631860166788,0.5498555218800902,0.5936534583568573,28.64122270140797,0.2040055521670729,0.6073506244458258,0.010569321569055318,1.9365892400965095,50.0
G_4311,mode_a,0.6355213633312405,0.3115862990011386,0.38595059134975557,0.9674166666666675,0.9853500000000008,14.833697167086468,0.36805790029365165,2.539936534051318,0.017653783360144438,0.17995795455318792,24.0,0.52,54.2578928405419,0.49479379691183567,0.5596478280611337,40.55639901664108,0.16076924916356802,0.4842184191569686,0.022495801085606216,1.295442066155374,50.0
G_1572,mode_a,0.6183525164085201,0.35893444664256563,0.4052952450603314,0.9844750000000022,0.9926833333333356,15.229416898812465,0.4070156199801301,2.5364687933457786,0.019363817264886434,0.2023001800843646,24.0,0.52,39.064445360563695,0.735161536373198,0.38266080589964985,34.76980191655457,0.1973212522827089,0.612899471167475,0.020106750391423702,1.3639391674660146,50.0
G_1645,mode_a,0.4352666065238955,0.21781108588524783,0.5193703719428611,0.9852333333333338,0.9923000000000005,14.401688227940067,0.2899410499847279,2.5410218222157233,0.018672833415127085,0.17698422425060983,24.0,0.52,49.71409785468131,0.08577926829457283,0.5658136375248433,25.94574250280857,0.20411763750948012,0.5467478889971972,0.009408885184675454,1.231408431660384,50.0
G_3491,mode_a,0.6003328432885895,0.042687824781539735,0.4830013643226474,0.89225,0.9408,14.757600551718651,0.33573988952155714,2.5475980182388547,0.017988138195392096,0.21126720763137072,24.0,0.52,53.89046714734286,0.51882004737854,0.3401571919210255,30.219525010325015,0.20638331866823137,0.5402229537256062,0.028797949953004717,1.0283071198500693,50.0
G_1612,mode_a,0.6927028164164926,-0.3637566483712189,0.38703592810722975,0.953991666666668,0.983316666666668,14.578769742571005,0.29857658174155055,2.5391500305581802,0.01794542706552591,0.18504178009655223,24.0,0.52,44.11146745271981,0.14525319635868073,0.4209555589593947,28.466325281187892,0.20033456951379774,0.534170953091234,0.005901848562061786,1.726822029799223,50.0
G_744,mode_a,0.726630981012955,-0.10528845213409736,0.370154378985087,0.9362583333333345,0.9735500000000011,15.412924698396894,0.2526793244290401,2.539664370708097,0.019244907838052813,0.21069770411074798,24.0,0.52,46.611646986566484,0.5668508475646377,0.32662874525412916,42.417002031579614,0.20387273630127312,0.46909560086205604,0.02053172830492258,0.7308349702507257,50.0
G_1945,mode_a,0.4096521045719379,-1.0406615196748392,1.0762451867231815,0.8712250000000009,0.9290833333333341,15.591420954282583,0.23274088918326147,2.5364539690563443,0.019118940866863197,0.21996130814551634,24.0,0.52,58.87391270790249,0.8625456048175693,0.33038166370242833,39.75097428075969,0.20550781491212547,0.477662215474993,0.029141337638720868,0.9418919249437749,50.0
G_4620,mode_a,0.087939281876404,0.19123398843810185,0.6441331239108642,1.0,1.0,15.717866025116468,0.3015836657643995,2.5416249925505623,0.018936096935937008,0.21035628583270288,24.0,0.52,57.05598738882691,0.47424021642655134,0.4215908182784915,32.23182608373463,0.18778163890354335,0.6338267339393497,0.0207455968670547,1.392304718028754,50.0
G_3094,mode_a,0.07647126065109111,-0.5184300604795867,0.8332112833337548,0.9657750000000003,0.9812166666666671,15.67826114480417,0.3964145391762177,2.5409974425279938,0.01706629800262311,0.201709532964515,24.0,0.52,54.65420145448297,0.09298338834196329,0.6410124867223204,30.502680204808712,0.2184087434504181,0.5847857504151761,0.012436118591576815,1.7240678202360868,50.0
G_1672,mode_a,0.680826496909043,0.4795256525681563,0.37446973890009855,0.9868333333333342,0.9926833333333343,14.874449341963757,0.35039631494187307,2.540304902071834,0.01730513374142802,0.21216818155318312,24.0,0.52,48.402992863208055,0.110071518458426,0.3092947003431618,36.904442477971315,0.1972076478879899,0.4807346032001078,0.011697453008964657,1.499316700734198,50.0
G_1235,mode_a,-0.5160305068332095,-0.7051842443042983,1.256052891570244,0.9991250000000003,0.9995666666666669,15.901453144262241,0.3520384693193505,2.5372382019774466,0.018205318691203023,0.2013802184738651,24.0,0.52,54.84921732265502,0.4775082841515541,0.5373705711215735,36.018472448922694,0.19461041838862003,0.5919396938756109,0.014156641066074371,0.9120577853173018,50.0
G_4227,mode_a,-0.8807061786813359,-0.7519147198294561,0.5323206153053316,0.8511250000000002,0.9383500000000002,15.928634634792298,0.48507623780318565,2.519694280763426,0.02030297945603634,0.19720181290704153,24.0,0.52,52.95650394447148,2.205301271751523,0.31017896085977553,31.313753947615623,0.17319471341557802,0.49311219844967125,0.018638957552611825,0.7826161943376064,50.0
G_1978,mode_a,0.5351473736255742,-0.25109501543220447,0.7394813238539608,0.9697250000000006,0.9873500000000006,14.824572365110292,0.47259394088499174,2.5354587254108063,0.01904840437790776,0.1901620667980767,24.0,0.52,40.86802045907825,0.709583105519414,0.4274496456608176,30.72790175676346,0.20415117980912328,0.5285086559131742,0.012822347665205597,0.5442168428562582,50.0
G_1859,mode_a,0.579252817762343,-0.02262184994218269,0.30482797169218623,0.9802250000000021,0.9926833333333356,14.941095031115,0.4371658339291467,2.5417269927034862,0.01913587673990415,0.1830463602457587,24.0,0.52,48.56802566628903,0.34871826600283384,0.49754458405077456,31.43028128426522,0.18328337981365622,0.5224149039015173,0.004288085214793682,0.7459587692283094,50.0
G_2437,mode_a,-1.0688401691695466,-0.6329417641274876,1.0425103096075476,0.9528754381137298,0.9999833333333333,16.04709956188627,0.4726304970097769,2.5318254347628715,0.01846375277602651,0.21738355954821637,24.0,0.52,55.4696623776108,0.9115198832005262,0.34689015075564383,37.193306353874505,0.17655324902385472,0.5632296364754439,0.01627976627089083,1.6142520126886666,50.0
G_4299,mode_a,0.7137080512906728,0.5001576486071306,0.5320122519755415,0.9996250000000002,0.9997833333333336,14.548026383873239,0.32997516983013214,2.5555606135069393,0.01737708774713495,0.2109870599774886,24.0,0.52,55.62617867812514,0.06158248521387577,0.3865475097671151,28.919346518814564,0.2160651913192123,0.5580831694416701,0.02315185627900064,1.249629085417837,50.0
G_383,mode_a,0.6416654416194691,0.22481916431464577,0.36304491780382087,0.9792750000000001,0.9880500000000002,14.540721817317927,0.37889530546607275,2.5400206287322526,0.01812395788041773,0.2013909041030028,24.0,0.52,45.89775504078716,0.6675249729305506,0.38081193082034587,27.939072814770043,0.21231794847175478,0.5051382589153945,0.014015452628955245,1.4162329658865929,50.0
G_3730,mode_a,0.7622107612373543,0.18303884238521537,0.5936414273216372,0.9964750000000004,0.9979833333333338,15.497366800065661,0.2740634875958756,2.5385997065928145,0.01933846869239972,0.1978739327177173,24.0,0.52,52.362207158468664,0.5813325298950076,0.5386274030432106,31.509637837298214,0.20567740050144495,0.6178250809200108,0.02603002714924514,1.1293290285393596,50.0
G_1888,mode_a,-1.1815057292506614,-1.8494303703727812,0.8280001554213516,0.8766607608538152,0.9963500000000016,16.116689239146186,0.3671173951260156,2.5249877454320258,0.019183710200923337,0.20768495365749465,24.0,0.52,52.385372263379395,1.2285606432706118,0.3857823882251978,40.59887733776122,0.1819080433063209,0.47130478667095305,0.020779535751789806,1.0924215405248106,50.0
G_4817,mode_a,0.03797450328990198,-0.2692851418469518,0.6769041905069614,0.9829250000000009,0.9901833333333343,15.731424779337853,0.2896840929160227,2.5361672035730662,0.020353501014333603,0.19673873890660343,24.0,0.52,50.473531250841916,0.7732260162010789,0.5119583203457296,36.381612280383706,0.2038451361749321,0.5579574096016586,0.027398034799844026,0.7712589222937822,50.0
G_2135,mode_a,0.6607102776087617,-0.2304242740284863,0.2354150924585889,0.9910750000000008,0.9963333333333341,15.050308094564912,0.37419128015769787,2.5445757952877353,0.01738508815724143,0.21007640738031796,24.0,0.52,57.0824144622311,0.6313586113974452,0.335250810906291,27.15735498815775,0.2151988068316132,0.6414810135960579,0.023077053995803,1.9103419152088463,50.0
G_3178,mode_a,0.49826113916251624,0.018986848609506654,0.43201956197415353,0.9279166666666674,0.962583333333334,15.123642633972405,0.46523840022678675,2.5314514486097273,0.017991480443858468,0.17831445177825944,24.0,0.52,40.77536926511675,0.8292809380218387,0.5779830773361028,32.20741583965719,0.17949000089429318,0.5194190574809909,0.008104345668107272,0.8284591319970787,50.0
G_2918,mode_a,0.6491231125644429,-0.05660639943682533,0.5293418762108403,0.9239833333333342,0.9581666666666675,15.12469907220768,0.31464546845575403,2.5459804423338275,0.018437182682075542,0.19601535611160187,24.0,0.52,58.610700021497905,0.4716150239109993,0.5435169755481184,28.223199378699064,0.21449448849074543,0.5731111750006675,0.02804349903948605,1.636698574759066,50.0
G_829,mode_a,-1.4815455875034247,-1.2016667550216145,1.0436079840526746,0.8018914185289502,0.9997500000000002,16.19745858147105,0.4271278879606339,2.511315618577108,0.020895619741118265,0.19622341896367462,24.0,0.52,51.34562652558088,1.3784426115453243,0.4245232820510864,31.817496502771974,0.19978442125953733,0.523987567704171,0.011926030134782195,1.6099729086272418,50.0
G_475,mode_a,0.5385895821301594,-0.6130014991379245,0.7484849010824026,0.9671000000000004,0.9871166666666672,15.01408374516564,0.4616836945953553,2.5279221481429293,0.01804700722901931,0.16878712136009597,24.0,0.52,55.59640115685761,0.9801104413345456,0.5973178890533746,25.20179714076221,0.19822691451758145,0.6278362349607051,0.01350834958255291,1.9500758703798056,50.0
G_1477,mode_a,-1.2174398174206817,-0.9954076985856264,1.1238795446651986,0.9174989768517993,0.9997333333333336,16.0818760231482,0.5116236468676447,2.531659644824494,0.019697404512090982,0.20114240459044347,24.0,0.52,58.32304389216006,1.0029852837324142,0.4458329949527979,36.30051168613136,0.1655849633272737,0.4831423666328192,0.012102900417521595,1.1747385477647185,50.0
G_891,mode_a,0.710920456140977,0.11400214400128085,0.4959268184412702,0.9827000000000017,0.9939500000000016,15.328128783167722,0.31239565687235066,2.5399342593708645,0.019119259048534277,0.2007029701503727,24.0,0.52,56.558641182258725,0.528383418917656,0.41364023899659513,42.777205891907215,0.18078926685266197,0.5116545440629124,0.02513130750507116,1.745267339516431,50.0
G_3663,mode_a,-1.7730219799444578,-1.401195723847121,1.146596245981208,0.682015637406813,0.9999166666666668,16.317784362593187,0.36261901097148674,2.5271939403878165,0.019086939702748985,0.2107743546318595,24.0,0.52,55.128630886785686,1.0323446849361062,0.37990804826840757,37.10367996711284,0.18646292052231728,0.5466429743915796,0.015800141310319305,1.7972527970559895,50.0
G_2311,mode_a,-0.05632796362223639,-0.0784906704196307,0.8279537740110664,0.999975,0.9999833333333333,15.747830219348394,0.35899865247289003,2.542206324707713,0.018708775073188435,0.22216293772972098,24.0,0.52,56.391260443255305,0.19335319753736258,0.37178356451913713,41.44507609773427,0.19898184922523796,0.4564701094292104,0.012285866690799594,1.5089095500297844,50.0
G_3718,mode_a,0.5158067497593606,0.06517868326990424,0.38900278673624733,0.9736416666666675,0.9868500000000009,15.035903773814411,0.4950890095199452,2.5296146395700214,0.01843646884120274,0.18588930813295867,24.0,0.52,38.34586411714554,0.778246745467186,0.45106789767742156,35.903146169148386,0.17172409423626958,0.5764619218185544,0.01229337285272777,1.6342405481263995,50.0
G_2331,mode_a,0.6119278841660688,-0.1437995965444811,0.33076899074368954,0.9458750000000022,0.9814166666666688,14.938987219984792,0.36695256922029496,2.5326899929346838,0.018646749787665076,0.16931531312077602,24.0,0.52,52.884546934627,0.7385774021968246,0.5744115386158228,28.075784193351865,0.17785251015797257,0.5301883758977055,0.0021900292206555603,0.9922162666916847,50.0
G_3579,mode_a,0.65855894905259,0.5732468078030055,0.2221135278725044,0.9748166666666662,0.9858499999999996,15.076516788887512,0.3550014977526396,2.540494901305692,0.01868846499659368,0.1923520505474416,24.0,0.52,43.17055651266128,0.44133578706532717,0.4306526716798544,38.3617246337235,0.19776895059272648,0.559381387103349,0.02387330761179328,0.7504660510458052,50.0
G_259,mode_a,0.5459326605998726,-1.3481952518624256,1.9445637442188732,0.9715916666666676,0.987550000000001,15.471895385451758,0.4656158913976563,2.5279475951238455,0.01875886694607901,0.19734527521560302,24.0,0.52,59.73821348045021,1.4279890917241573,0.3188813945278525,27.00947481673211,0.18118950698524713,0.6085903221741319,0.010392183428630233,1.1839013970457017,50.0
G_2186,mode_a,-1.3957484935705724,-1.0207430912291042,1.077688643188235,0.8047967710469136,0.99995,16.195078228953086,0.35143902344554606,2.521699499138787,0.01874185422446763,0.20168457538586665,24.0,0.52,50.40354428719729,1.0831009531393647,0.426530144829303,34.4245233386755,0.193946105344221,0.5702983365394175,0.018295924896374344,0.9142045667394996,50.0
G_40,mode_a,0.7278516138259302,0.6795428672703612,0.10159316550689412,0.9978250000000006,0.9992500000000006,14.946303770207924,0.30899617308950145,2.5390912080271075,0.018484658890518504,0.19306046544276106,24.0,0.52,51.21018814668059,0.3837156593799591,0.37765813916921614,36.2422287510708,0.16826335556805133,0.5311508083716034,0.011171542648226023,0.6190516701899469,50.0
G_1301,mode_a,0.6166547199388386,0.27306172970289205,0.2780521643153287,0.9711750000000016,0.986233333333335,14.5930816564158,0.3913637752296268,2.537595604878134,0.018971197013571302,0.18531637470099752,24.0,0.52,37.55520306061953,0.4148001205176115,0.43464836310595273,33.50103965960443,0.1961115162074566,0.5451851823367179,0.015023230500519276,1.4506790395826101,50.0
G_1260,mode_a,-1.9215040292854013,-1.9695634296171196,1.6223172185719223,0.5367235964525607,0.9190166666666663,16.289668070214105,0.4168611212618152,2.5256593518396513,0.018354364267129386,0.18858727234251457,24.0,0.52,45.03550066240132,1.345526640303433,0.6124457108788193,33.55316694825888,0.1830368428584188,0.6427466452121735,0.017745476067066192,1.9215603494085371,50.0
G_325,mode_a,0.5525974407349947,0.14179123159238832,0.42751761849433356,0.9597500000000015,0.9796333333333349,15.570901862365432,0.2378862872514298,2.5432212086135757,0.018967876544781537,0.21169301342043412,24.0,0.52,52.69707614835352,0.3917016237974167,0.3239590355195105,41.09113542828709,0.19938198635354637,0.5763193900696933,0.027553225569427013,0.6717958548106253,50.0
G_2421,mode_a,-0.7000550882952425,-0.8935848545354378,0.7167720262002828,0.8805416666666667,0.9503666666666666,15.878568645600003,0.4843772195230967,2.5157981729541996,0.018361250632708822,0.19466810671020704,24.0,0.52,46.860105738043785,2.0688875326886773,0.37932653464376925,31.489024595357478,0.16779338310472666,0.5985456740483641,0.020484137339517473,1.079817935358733,50.0
G_4034,mode_a,0.6051107564346452,-2.5043933457570686,0.467750302035647,0.9363083333333336,0.9683333333333336,14.966653055948955,0.3715407813611876,2.5400592403020714,0.018058798860738565,0.19749041557147373,24.0,0.52,51.66619941405952,0.23458225931972265,0.4501611084677279,42.56230469793081,0.1912335762474686,0.43310913648456334,0.013376317815855144,0.8280083267018199,50.0
G_499,mode_a,-0.7968954164383645,-0.8471053200049805,0.8233539403042266,0.976908333333334,0.9904666666666674,15.961245752595515,0.4277967206023109,2.5103211888388244,0.020668749639698444,0.19225841374802283,24.0,0.52,48.6817388003692,1.5538832237944007,0.41174257937818765,32.736552371643484,0.17244939806871115,0.5718274630606175,0.014594373079016804,1.4867285252548754,50.0
G_2628,mode_a,0.14009926588674865,-0.7946557015053733,0.8873506524816651,0.8569000000000002,0.9430833333333336,15.548028545012585,0.60853051984849,2.5123730785179306,0.01992716035375363,0.18311600379947876,24.0,0.52,48.35028676316142,2.031240915879607,0.4372020817361772,30.240086843259633,0.16879858241416512,0.5220378702506423,0.015635900376364587,0.9905732348561287,50.0
G_3085,mode_a,0.5881271373226661,-0.6530541600128026,0.3243789584181491,0.8901000000000009,0.9526000000000009,14.976159982915279,0.342253268028976,2.5379861172375175,0.01846719990854962,0.19805602122366409,24.0,0.52,41.16260485723615,0.24907744210213423,0.4216440009884536,33.225298235192895,0.20706285554915665,0.5654373604804277,0.017408797508105634,1.978495699353516,50.0
G_1312,mode_a,0.4922132466017236,-0.16206750682248902,0.42427274706366186,0.9571916666666664,0.981383333333333,14.930545635097923,0.49028303672099155,2.5375967038369045,0.029611758640472937,0.16044198390514075,24.0,0.52,59.298509440384805,1.0739079834893346,0.6875761204399169,25.377678805962205,0.17233673837967217,0.5679239624179899,0.009944594521075488,1.4695590264163911,50.0
G_1577,mode_a,0.5718555576050464,-0.6697672370085884,0.41199180222360154,0.9708000000000013,0.9885000000000013,14.461297270427526,0.31636595938358464,2.5370361880356267,0.018384984019162963,0.17088879086253583,24.0,0.52,50.72452394105494,0.39572125766426325,0.5320275818929077,29.51358419843018,0.18160457334481178,0.4859507051296532,0.002363340714946389,1.9320685053244233,50.0
G_4991,mode_a,0.5980434446798267,-0.9803121273515487,1.2969576290260365,0.9311499999999999,0.9638833333333332,14.831566918634184,0.37064770909096256,2.519384352244403,0.01976574894598972,0.18969611297513686,24.0,0.52,43.363342417404056,1.4179464485496283,0.43722734386101364,27.076987088657916,0.20973657419905067,0.543291455321014,0.016052810456603766,1.2980904723517597,50.0
G_2602,mode_a,0.509312451171555,-0.6376057876317086,0.48228744156321424,0.8839500000000009,0.9464500000000008,15.250632628565095,0.39080981601439696,2.555602947692833,0.04810161355213889,0.16089229584808198,24.0,0.52,51.994354541413486,0.4083629362285137,0.7430965906940401,27.792715867981315,0.17637093771249054,0.6114534171298147,0.006687619211152196,1.0935500408522785,50.0
G_3879,mode_a,0.12398421586985395,-0.737647204262794,0.9222093780252782,0.902575,0.9567000000000001,15.656517315164018,0.34769674804173417,2.5407841963476265,0.01935889091051202,0.19334941943559789,24.0,0.52,51.28841847460717,0.30697272531688213,0.67545077316463,31.615814920514822,0.21986682440154254,0.5169928370974958,0.007704390082508325,1.8221487789414823,50.0
G_2234,mode_a,0.16983974786227768,-1.3589068736157464,0.7103060933316107,0.932716666666667,0.9707000000000002,15.589991806369094,0.5357264503635192,2.52711723259791,0.018483891666515373,0.20826758599867412,24.0,0.52,36.58179222419858,1.2113622324541211,0.30217043235898017,33.144354172982275,0.2082910133525729,0.601356755103916,0.00702073261141777,1.1809570607729256,50.0
G_2891,mode_a,0.4451451247169223,-1.6484028051569743,0.46582972007904516,0.8015333333333332,0.9080166666666666,14.775537912245545,0.3941697843546092,2.522972634578938,0.017805325062734807,0.18673695307826269,24.0,0.52,43.055689224042,2.2141981730237603,0.36047185231000184,27.361591793596745,0.18638823883607983,0.5337206146679818,0.01730282778851688,1.5027726865373552,50.0
G_1916,mode_a,0.5103445885332242,0.35555571054137153,0.36434848573817,0.9806083333333343,0.9899666666666677,14.8618962106233,0.5076190522061762,2.534749427701656,0.019030150737467104,0.18748153109919832,24.0,0.52,58.62921716272831,0.840085806325078,0.5565064649097622,28.961649844422936,0.19438164406456054,0.5428990196436644,0.023814362995326518,1.4211554480716586,50.0
G_525,mode_a,0.6357875302690971,-0.030855737560826615,0.17124194411465438,0.9658333333333333,0.9818166666666666,15.12796265771211,0.3675226803754728,2.5311167522210605,0.01869206102528717,0.18729163129552037,24.0,0.52,46.52062993682921,0.7314332630485296,0.5528741257265211,31.37361596338451,0.19711074739694595,0.5536660514771938,0.01836147769354284,1.913442409131676,50.0
G_1737,mode_a,-0.8177482050671897,-0.6389035975301117,0.5071848872847668,0.9997750000000001,0.9998500000000001,15.953155266535546,0.49704865900908296,2.5258404904474347,0.019422764016421186,0.19481054222697072,24.0,0.52,59.398440677672625,1.2658754428848624,0.4118362904526293,28.684383588843048,0.19110404550097881,0.5920654894784093,0.009912551203742624,0.6404337151907384,50.0
G_2193,mode_a,-0.5881639640819472,-1.0054393908688646,0.7429636070697279,0.8951916666666672,0.9525500000000006,15.85287369072713,0.4484093290400718,2.5396900578345214,0.039662872840934935,0.17402482757325352,24.0,0.52,44.415513440966606,0.9229826806113124,0.7064455092884601,32.4345597345382,0.18779232481494545,0.5802110543474555,0.01156541772186756,1.1213912069797516,50.0
G_3328,mode_a,-0.3504472326511102,-2.3725409921944958,3.3062646147039394,0.8610583333333338,0.9424500000000005,15.696000419527982,0.6601598557572355,2.5237185045527983,0.0176980557648341,0.18201830495661608,24.0,0.52,58.49934673681855,1.4387797275558114,0.6080677292309702,30.291105112992227,0.1767847356852144,0.49026033328846097,0.013779391748830675,1.845379269681871,50.0
G_3904,mode_a,0.5351857586976971,0.11049881423018945,0.6681698533304383,0.9997000000000001,0.9998500000000001,15.452685955058454,0.5020475252933032,2.53195542543104,0.01876717783546093,0.18766749163492275,24.0,0.52,50.74939695931971,0.8636710848659277,0.5190000535920263,33.7323260307312,0.168856308683753,0.5489489250816405,0.016886130413040518,0.7226419923827052,50.0
G_4603,mode_a,0.4799209501478746,-0.06995492941660161,0.5397198652240315,0.8992500000000007,0.9519500000000007,15.115157317801993,0.45617884183683727,2.531257763594067,0.017923018161612556,0.18324520426206997,24.0,0.52,41.10823457501829,0.920454852283001,0.587039015442133,28.41067424044013,0.2144713514484465,0.5095391400158406,0.0071464018430560826,0.8030969542451203,50.0
G_1445,mode_a,0.5348381534569672,-0.36119367521011064,0.3528031656976942,0.8996000000000002,0.9556166666666668,14.938274761748165,0.39502107381140583,2.5370085905392785,0.021137571434604232,0.1633120519426997,24.0,0.52,43.068811629898846,0.7003560494631529,0.680608341190964,25.595831177197397,0.18498949943110346,0.6245802067220212,0.005869804797694087,1.085563287138939,50.0
G_2807,mode_a,-0.0381648252109498,-0.568859324855526,0.8242297059283666,0.9308666666666673,0.9686500000000007,15.659991368052065,0.5254765921217364,2.533229584554698,0.01749369062646333,0.18066419885418428,24.0,0.52,56.139328985475004,0.8827682454138994,0.6439437663182617,34.57050661556423,0.16277290830388666,0.5332394889555871,0.011468715453520417,1.7381248641759157,50.0
G_1768,mode_a,0.45860323912090617,-1.1306507800436476,0.5409654988288314,0.980283333333334,0.9918666666666673,15.441409149939494,0.5568544070869474,2.5283628357776933,0.020205764255711592,0.18110878000950187,24.0,0.52,53.869902594946325,1.2092975629493594,0.5748394459486008,24.95530639309436,0.21444164449349046,0.6363631148822606,0.0063869501184672115,1.5914159212261438,50.0
G_3384,mode_a,0.5867063722031258,-0.9523910220093496,0.6305352787530115,0.987875000000003,0.9942666666666696,14.5017272128496,0.43439962406080596,2.5391350579553347,0.01746528307821896,0.16785455121215279,24.0,0.52,53.35771564487368,0.3456797618418932,0.43211899204179643,23.359041805379093,0.16927372119389475,0.6460317240096629,0.0036046304181218147,1.2837361320853233,50.0
G_1474,mode_a,0.46476181639383474,-2.599533664093548,0.7686382373149454,0.904641666666667,0.955216666666667,15.509060444994606,0.4529219090145165,2.5256766420265353,0.018141906373451203,0.19717738764891554,24.0,0.52,43.744076773524284,1.2217382993549109,0.5241576812230051,39.055729801766574,0.20373118163086473,0.5902886668220162,0.0266825426928699,1.4826649841852486,50.0
G_3552,mode_a,0.5394057082683635,-1.247982317881077,0.47332200983442635,0.9420833333333349,0.975783333333335,15.418388831557307,0.42849961552828747,2.542518665026019,0.032264981847827424,0.1678179255489188,24.0,0.52,51.65326210297644,0.6448656907305121,0.7105665422976017,27.900760835036635,0.18614869280718266,0.5903932953253388,0.00622973064891994,0.5352284866385162,50.0
G_2465,mode_a,-0.14643550654941268,-0.22853471926185573,0.7955497794233541,0.9898750000000023,0.9965833333333357,15.768747286896929,0.3733757636981029,2.545080059309076,0.019108175618963462,0.2114448225958233,24.0,0.52,58.938098134472966,0.058969234116375446,0.5160688522271812,31.145746847614646,0.18949217720888556,0.6473721937276423,0.018264097273349763,0.7247096067294478,50.0
G_4176,mode_a,0.3588065639607805,-0.9406321388485026,0.6787084921576273,0.946075000000001,0.9732000000000011,14.448538268071825,0.46321576640863155,2.535589417444714,0.01863753422491814,0.15860517306557678,24.0,0.52,55.24485852755606,0.6150504425168037,0.5410094421356917,21.717307837679982,0.1833114845957607,0.6305163837037981,0.005498878732323647,1.4375951485708356,50.0
G_4541,mode_a,0.6557448291095688,0.26008005190924327,0.2931264190077843,0.9047750000000003,0.956266666666667,14.829867459557699,0.2847047113354152,2.541901005714665,0.01625570724913507,0.17520957627820477,24.0,0.52,47.454304564744234,0.26063260808587074,0.5951073213480413,39.34809158556163,0.162389843352139,0.5253877204842865,0.016792343594133854,1.0292543503455818,50.0
G_2593,mode_a,0.40742977405015557,-0.5233037090394909,0.5961767910441989,0.9699333333333344,0.9852833333333344,15.188063424699669,0.6037497706847509,2.523320744092727,0.018869640590451747,0.20272412678719157,24.0,0.52,56.219026777893305,1.5111955208703876,0.3256265178322792,29.277905547060072,0.18916827941313386,0.4951848849654198,0.019113990683108567,1.1954764099791646,50.0
G_2704,mode_a,0.6967612402762602,0.5193273609115512,0.18037116481568485,0.9950500000000012,0.9983500000000012,15.083715246275592,0.3421934842745288,2.5467162121274676,0.0179625334260428,0.21154396505523665,24.0,0.52,55.61994088254869,0.29107349552214146,0.30002070143818854,30.876423167064786,0.1909481879044324,0.5692524359561503,0.02068171463906765,0.6352333561517298,50.0
G_4447,mode_a,0.6017299016574267,-0.0463544168637649,0.623593713289374,0.9997500000000001,0.9998333333333335,14.660289162363116,0.43602541338461187,2.540940356717899,0.016688523873081135,0.18539830791431577,24.0,0.52,50.788116599433124,0.4438126562163234,0.3696784765459597,24.901094152592123,0.20044852405786515,0.6140741934999824,0.006580703258514404,1.019255491439253,50.0
J_1453,mode_b,0.8116059922248323,0.8570752201761371,0.20443489478549431,0.9984750000000003,0.9994500000000004,15.098463230273799,0.24267341886571805,2.5592830047550463,0.008602506267467903,0.24042265689713582,24.0,0.45,52.48814922384918,0.34199510235339403,0.40357725620269774,38.63432072568685,0.21585012060590086,0.49473905460909007,0.00692776383832097,1.532070079818368,90.36870668642223
J_3413,mode_b,0.6908437297070144,-0.9769346569446467,0.965619561398962,0.9726500000000012,0.9867000000000012,15.220113015120377,0.3214263755212194,2.481930671162794,0.027554024185037565,0.21358846928300487,28.0,0.45,54.25802861060947,0.18963659182190895,0.6108089515008033,32.69826397765428,0.1732291967049241,0.5954775451682508,0.006451839068904519,0.7088749594986439,73.21205128915608
J_3097,mode_b,0.19341837414623692,-1.902830667829042,0.6272345134447508,0.9543166666666675,0.9771666666666674,14.389225837634992,0.4691757787130951,2.4931374947006884,0.025772064939423658,0.21394402302959925,28.0,0.45,55.20931324828416,0.3358887014910579,0.4607528324238956,34.29629251360893,0.19076959015801548,0.5560683809220791,0.025271243015304208,1.6389677990227938,27.12440658826381
J_1603,mode_b,0.7832155957784032,-0.3784562467838258,0.7876240384598365,0.9411250000000013,0.9761666666666681,15.315696185073307,0.20169748621342953,2.575437801049747,0.020373102806183995,0.21589853357969332,24.0,0.45,49.671109666116536,0.20341934636235237,0.585356367006898,37.500420194119215,0.20327750555239618,0.6180648648180067,0.017489912817254663,1.6473220740444958,84.63056175969541
J_2780,mode_b,0.7101067317041341,-2.6283955854382226,1.0836533967559507,0.9442499999999989,0.9735333333333321,15.080121129790673,0.2743790866297865,2.544002641244267,0.018279623918891395,0.19750252117346956,24.0,0.52,51.142227636650205,0.2961369641125202,0.30267869839444755,37.42677637375891,0.19964606017805636,0.570398694742471,0.02265207951888442,0.5530166327953339,26.523145218379796
J_4013,mode_b,-0.1449460260533185,-4.5837374168661995,1.720160860193406,0.9083750000000006,0.954983333333334,14.20470515229409,0.20692950233297772,2.5372984359804804,0.007904820476443277,0.17378171854243127,24.0,0.45,40.807860262691975,1.1980212461203337,0.30710686156526207,33.85420311708003,0.20116724454797805,0.5582197852432728,0.016230081310495734,1.1962148416787386,96.01444595493376
J_4793,mode_b,0.2839507863859547,0.28852814348069655,0.5679954959481446,0.9992083333333337,0.9996333333333337,15.680107637024134,0.23187851665328754,2.517755631022759,0.013278512334774902,0.2543325477827962,28.0,0.45,58.78397037740797,0.09168760478496552,0.3509858881123364,38.66186414845288,0.17470966765657067,0.6255642804317176,0.018038093699142336,1.903185164090246,76.92620038520545
J_1717,mode_b,0.6545836168552192,-3.202943991252647,2.999037471378121,0.9129083333333338,0.9620666666666671,15.29656946976545,0.2955395651568507,2.4400794191231268,0.005390766242669268,0.1596409272002833,28.0,0.45,37.86264035850763,0.9991807322949171,0.42823082087561487,32.97462359070778,0.21115490527823566,0.5507289295084774,0.017427831385284663,0.7525441497564316,80.94252660404891
J_2933,mode_b,-0.6035581520155273,-3.0195199595614377,0.638317502395205,0.828525,0.9255666666666665,14.042513911184642,0.09465286359103173,2.5076988596134258,0.019864829578180393,0.1798415712426751,28.0,0.45,58.687789524905384,0.33374173287302256,0.3321890031918883,30.72632148861885,0.1536402834020555,0.4609891513362527,0.00212391153909266,1.1022598426789045,78.89835243113339
J_1785,mode_b,0.759896191074654,-2.515150957212909,0.44134305217527875,0.9486333333333324,0.9737999999999991,15.383510593222287,0.2186089948616677,2.477426299483136,0.011235779060782712,0.14195896853352252,28.0,0.52,43.58954301383346,0.4863320142030716,0.34905219841748475,33.202678062953055,0.17627769674174487,0.5365379111841321,0.005721099665388465,1.5111720715649426,25.56224969215691
J_3509,mode_b,0.5771012830520243,-4.535561578587059,1.3319486195299555,0.8401666666666667,0.9296666666666666,15.408951408729786,0.2864117589089987,2.449785484449106,0.03809881007961558,0.16958312133665665,28.0,0.45,55.45909377839416,1.1024300828576088,0.7430742324329913,36.05084361508489,0.21398584437556564,0.4011233430355787,0.011378505248576403,1.3182220519520342,59.19195143971592
J_2243,mode_b,0.6910113144136732,-1.8656334406746782,1.4895414241386153,0.8917083333333329,0.9535166666666661,15.40425059582828,0.229816315917034,2.610634847174922,0.042591673175049395,0.2016605343395959,24.0,0.45,53.249667515046895,0.37003358267247677,0.7111812063492835,39.48694477323443,0.17142502770759166,0.60546939317137,0.015513606844469905,1.2091877227649093,62.4898519506678
J_1996,mode_b,0.7549972340112813,-1.7898234019740857,0.693309722530516,0.9830166666666692,0.9933666666666693,15.116958341892259,0.2647448266500123,2.5397007633776205,0.018163606657499318,0.18322878929349606,24.0,0.52,53.169382547959685,0.4648453602567315,0.48417503871023654,30.153898247517645,0.19850198483094572,0.582012394350022,0.017606109688058494,1.707342027220875,43.876536721363664
J_1898,mode_b,0.5920630499777388,-3.7310265216621006,0.5826696756281405,0.9161333333333331,0.9578166666666665,14.993613464837614,0.3496355544467524,2.4715507621999393,0.014492961137577219,0.1312470066397864,28.0,0.52,51.24801071640104,0.7075073467567563,0.37169507443904876,33.994511822238564,0.19121675949543715,0.40344157433137295,0.010498095452785492,0.6764004225842655,95.58143021538854
J_4373,mode_b,0.7133739317596208,-2.7072880175945913,1.7162374763189119,0.8449499999999996,0.9303666666666662,14.960373775580763,0.163087390288048,2.40159648460224,0.004255431569630632,0.13455615132993765,28.0,0.45,38.00382408499718,1.5722773717716336,0.6792320978827775,26.69984412379563,0.19503708752803506,0.5908418961800634,0.008705661669373511,0.7205929718911648,77.49208691995591
J_3290,mode_b,0.3909370455917752,-2.365952124475746,0.31246102528075675,0.9457500000000003,0.9767666666666669,15.56443872010873,0.39102008288958606,2.4741947109917346,0.011472423580497595,0.1410380023912094,28.0,0.52,48.62530665099621,0.4555600443854928,0.4629968830384314,28.475548401474953,0.1607375438604504,0.6315300066955387,0.00609932885505259,0.7718934882432222,28.32267331890762
J_1973,mode_b,0.5851045922182048,-2.0832457509384428,0.8711243947206014,0.8215166666666672,0.9071666666666672,15.360716981681678,0.2713881224125831,2.4667704402526063,0.023962418171739778,0.1878290281999618,28.0,0.45,47.587100584991276,0.4339200323447585,0.7149262458086014,34.7771424613893,0.19428365700878203,0.6143168286420405,0.024431048026308418,0.9531268463470042,64.17400312144309
J_1357,mode_b,0.6395917454749243,-2.7144215108180783,3.0105467163451984,0.9524000000000004,0.9836833333333337,14.977869051571831,0.3557335911001693,2.542903101023919,0.01118680454440881,0.19407495538919042,24.0,0.45,58.59991763345897,0.9735089102759957,0.44246314391493796,34.896843675523996,0.17136279676109553,0.5015920402482152,0.012778513887897133,0.6414171610958874,81.64038971532136
J_3027,mode_b,-2.5148933616273936,-2.413393541675492,0.8667358849533886,0.43952952130826894,0.9993833333333337,13.440829521308268,0.3638315195167044,2.5466794460389393,0.018103727393992186,0.14720583064600565,24.0,0.52,55.54759337939322,0.08861079532653093,0.508023694343865,33.02584509830922,0.16163456331938506,0.5642537077888846,0.02598247244954109,1.5715272100642323,48.2802808098495
J_4365,mode_b,0.508176780137096,-3.2050474128769166,1.460958188047781,0.862658333333333,0.9360333333333329,14.915232622937483,0.39337695758939123,2.538635589198813,0.009630562628078286,0.17484274282877343,24.0,0.45,44.54449435137212,1.4677862981334329,0.448371750023216,35.68674573209137,0.18182608873583375,0.6374936598353088,0.022993542747572062,1.0378333679400384,51.516689378768206
J_2725,mode_b,0.4877739485888534,-2.11016404175046,1.5489717193240278,0.9076499999999998,0.9571499999999997,14.786129939233708,0.4365436375056302,2.461500138993911,0.02238144567736522,0.11143323573266553,28.0,0.52,49.10247716400772,0.3270562123507261,0.5722329017706216,26.52906612958759,0.1951207966916263,0.5285910910926759,0.015825540013611316,1.3105320036411285,89.48638674803078
J_2965,mode_b,0.815524697417738,-3.6078245877185076,2.2069559201774203,0.9548249999999984,0.978066666666665,14.674313165095809,0.16717954465825374,2.4616661683460994,0.03516098790483588,0.18183894411364512,28.0,0.45,52.552249948494136,0.9641841100528836,0.5138970596715808,27.37820698413998,0.19911897073499857,0.542684191185981,0.007972973305732012,1.7116183680482209,92.76899410877377
J_4665,mode_b,0.6078786646049802,-1.4153719727268634,0.6081307824911196,0.9353416666666673,0.9676000000000006,14.71732683000761,0.3592320218612727,2.458021441799503,0.02717836395051834,0.18143280709937884,28.0,0.45,47.81429748237133,0.5614493004977703,0.6702532751485706,29.059207094833255,0.20002882974222302,0.5757649721577763,0.01571277723647654,1.0473743346519768,55.92681839130819
J_4164,mode_b,0.6438825731950678,0.4790090570363353,0.45943721338673804,0.9965916666666672,0.9987000000000006,14.569191264661914,0.3817358763383416,2.714204397957584,0.030675213486566145,0.1774575584401012,20.0,0.6,42.982502474449575,0.6359078139066696,0.37650427892804145,28.727797213941813,0.18126468609087168,0.6279433439485729,0.0076699050609022375,1.4143932526931167,69.93881050497293
J_2597,mode_b,0.14085756325206228,-2.270960384425727,0.5902741817173348,0.9542749999999998,0.9832666666666665,15.713584982515668,0.21342706672429862,2.4840524182241595,0.026783730597074406,0.2166257712876085,28.0,0.45,57.629243010655046,0.6073309276252985,0.38771588560193776,35.725448611192405,0.17014138182625174,0.560823674313724,0.017923593018203975,0.829717262648046,26.153180128894746
J_825,mode_b,0.4153918813453442,-6.315054997089101,0.4069475634359717,0.7761833333333336,0.9048666666666668,14.55910282155226,0.37477896966084207,2.4145692795851317,0.06083780658193202,0.17762568385527494,28.0,0.45,53.299257586710155,2.542210226878524,0.3445429403334856,34.11673866678029,0.18306662348099054,0.35250939819961785,0.011485839458182453,1.464847173076123,73.1233650771901
J_3545,mode_b,-0.5473590455545099,-4.896053883071028,0.5995393401600434,0.8368250000000003,0.9239000000000003,15.913032596610822,0.16597185960425584,2.4022018225153166,0.05454709269108584,0.1926366009110232,28.0,0.45,52.07710726931691,2.06399017944932,0.5736951457336545,23.292288002558053,0.19545207096263767,0.6286139531992376,0.006878699194639921,0.526298591401428,23.704792987555265
J_3653,mode_b,0.7942880043331426,-3.4411092362940634,0.5986380036921553,0.9652250000000001,0.9813166666666668,15.256542952419021,0.19677492416896572,2.4664840806681116,0.01903751834655683,0.1414267507015464,28.0,0.52,56.83510296419263,0.09606564324349165,0.37646259386092423,38.840836524032056,0.1631655351165682,0.5722771535627544,0.012989587616175413,1.8854386005550623,37.72135111037642
J_1469,mode_b,0.4526878432609813,-3.5495047032007414,0.5014842821944402,0.5904916666666666,0.8172333333333333,14.84839416524439,0.1589559487038514,2.4032436848231113,0.03939823198552153,0.1634049651637076,28.0,0.45,47.026764512993395,2.1352841863408685,0.5197184273973108,23.326202905736864,0.1794304517749697,0.6491711373440922,0.007865360230207443,1.4060311461798847,98.81045126821846
J_461,mode_b,0.6669674213221272,-0.3968885929284634,0.6376875292205937,0.9761750000000012,0.9898666666666679,15.298493619488527,0.3496551202282758,2.539764919145111,0.018435911585550708,0.19866198937270824,24.0,0.52,53.59712051600218,0.45479705929756165,0.422612664476037,41.79929951671511,0.18756334083154796,0.48802818469703196,0.02404881125316024,1.0864175399765372,59.833939261734486
J_4085,mode_b,0.5879427777666957,-5.701228577176202,0.31859079057585615,0.9515499999999999,0.9752,15.325546876151787,0.37862828229539974,2.460564881122951,0.029591752461514808,0.11926774517141166,28.0,0.52,53.34757436905056,1.2381196394562721,0.4998054990544915,24.14000798482448,0.20528515063226221,0.5493952382355929,0.020875728484243152,0.6581866140477359,62.731565847061574
J_1229,mode_b,0.6717447224519564,-3.450665214062669,0.5257586807395846,0.9067833333333338,0.9539666666666672,15.259709857361967,0.27170187753053,2.5378939460027716,0.017584417355592154,0.18182190130779452,24.0,0.52,40.34632978588343,0.13389893621206284,0.5396061383187771,30.23966008797288,0.21039402591995895,0.6126292056404055,0.006356992330402136,1.6982215764001012,45.53336846642196
J_3195,mode_b,0.4253108229298019,-3.1121988011744146,0.4636366571427403,0.705983333333333,0.8910999999999997,15.044538887121298,0.26875500839402205,2.746617131003673,0.09225736905225063,0.13684473006646525,20.0,0.52,53.705607519485056,0.044940889813005924,0.3530794826336205,42.07315566483885,0.19660787145607173,0.6174810180440545,0.010069955885410308,1.1739112273789942,43.88963042292744
J_3347,mode_b,0.4786171662869321,-2.3528932848658197,0.6723049926298339,0.9328499999999994,0.9692333333333327,15.292100786846133,0.4902432394506076,2.534439005288232,0.018344724728662058,0.1807310724074855,24.0,0.52,58.71800693683326,0.8192130737006664,0.5971470174379647,27.510475791059434,0.206291672764346,0.5794016189873219,0.020471613323315978,1.0372818778268993,26.062893173657358
J_3018,mode_b,0.5557415433423892,-6.338393560944276,0.7211716925743944,0.7378666666666663,0.8569166666666663,14.593296607028332,0.1938433762483383,2.4559585675872735,0.029660595714251194,0.10619420312474752,28.0,0.52,57.42147165723145,1.1618745429441333,0.41484478460624813,37.21724353265017,0.17851311387494206,0.429655067063868,0.024624019442126156,0.7788510811515152,40.67350358236581
J_2115,mode_b,0.5999421428695361,-2.697211348463861,0.6925523588980332,0.8377916666666668,0.9284833333333334,14.549814934269653,0.2698083167219241,2.5367270482563584,0.018050620938990805,0.16393641357715544,24.0,0.52,44.72232045046985,0.6522444952279329,0.528617281652987,23.54881987441331,0.1945545243564993,0.6330206896178425,0.018233744585886596,1.6900450214743614,41.15511515177786
J_2796,mode_b,0.41837627451950476,-0.690236685144924,0.9287083361093801,0.9710000000000009,0.9837333333333342,15.5950151940851,0.30676643851087976,2.537824014661945,0.018767760737993074,0.19428870261872133,24.0,0.52,38.44655040744692,0.3830195087939501,0.5234545596875251,36.470482386648655,0.21053715362213551,0.5877373839728535,0.008263418013229966,0.7569924090057611,55.62535159289837
J_2141,mode_b,0.5474055422380945,-2.6808440031728504,0.501552804229149,0.9710333333333343,0.9877166666666676,15.194151693626463,0.4625125350277566,2.5269918511076805,0.018005915179459434,0.1915508060889861,24.0,0.52,55.16176056303084,1.2889319993555546,0.3466596786864102,27.520206249319017,0.17045712298713625,0.6414443343877793,0.006852746810764074,1.8074498306959867,77.74463997222483
J_4179,mode_b,0.5676880708896249,-4.500036408007386,0.9195399473304406,0.7523500000000003,0.880866666666667,14.567452845462267,0.20982658804023327,2.5374712364881007,0.008434256415929089,0.11752714855128944,24.0,0.45,40.87306098639965,1.9178446009755135,0.45818040911108254,35.03661563619971,0.16854079882614315,0.5257508343085646,0.01772219373844564,0.851533099077642,47.11151450872421
J_4985,mode_b,-0.026211639194662233,-3.5165056651730207,0.5311744701856419,0.7265750000000002,0.8410666666666669,14.317892721780767,0.21493599312783998,2.410830098127728,0.05803983866066134,0.1499644316848263,28.0,0.45,53.215622099116445,2.008113062940538,0.6837062809616328,21.249175681732595,0.17884527450427412,0.5483288500458002,0.0137089654058218,0.7425542678683996,58.89380653388798
J_1981,mode_b,0.5147445707296704,-5.953606677843563,1.08077303102446,0.6009416666666666,0.8078166666666665,15.416571854437498,0.10641189144833312,2.4257820974361968,0.0038151042582078827,0.08848939056176362,28.0,0.45,30.742014918476343,1.3765201410278678,0.34853897914290427,43.408588650636375,0.2140714311506599,0.4596616794355214,0.0044560391083359715,0.6507002362050116,45.299973036162555
J_4341,mode_b,0.42471976022486535,-3.514478300927053,0.2740791890985679,0.8061083333333336,0.9188666666666669,15.385494344252011,0.40695884436726254,2.4008164107062453,0.019131688217420232,0.1405444614700176,28.0,0.45,44.13138319272548,2.160048734396696,0.3820618448778987,31.06472888495773,0.17736385871656238,0.49718375150114297,0.010379754994064568,1.8822668939828873,80.40921564213932
J_803,mode_b,0.5384409250452341,-4.632623725369339,2.418943089051262,0.9320499999999996,0.9738999999999995,15.409121096610663,0.4359607791986622,2.5390703857235444,0.006660361579817417,0.18272754013522158,24.0,0.45,36.73881499283016,1.0663266442716122,0.3234639155678451,38.87830113992095,0.20388384061865508,0.5377227295190096,0.004669220857322216,1.166248026303947,91.63619074039161
J_2274,mode_b,-0.22876510520565235,-2.913749790516679,0.6647309305774622,0.7600083333333338,0.8849666666666672,14.237114804879916,0.23389541574717582,2.5442302199555717,0.018250977242775895,0.17161220475932254,24.0,0.52,58.826599854044616,0.21835833974182606,0.4197832589969039,34.121372904628515,0.16306346061639487,0.6195307761430741,0.029352810457348822,1.381773714441806,31.549887252040207
J_3923,mode_b,0.49979072984474204,-5.191728409298712,0.8337960130303651,0.794158333333334,0.9117333333333341,15.055054718908842,0.3359603765663061,2.5251466165020076,0.018028157521899468,0.20242740735465575,24.0,0.52,50.546286318451166,1.3396987728774548,0.3560755534097552,39.02498076669872,0.2150644683279097,0.4276690661907196,0.014712487114593387,1.6889461860992014,29.454404511488974
J_2002,mode_b,0.27069253424734974,-3.353726041952561,1.1050281805114874,0.7484999999999993,0.8767499999999993,14.447533185234988,0.3542652194786705,2.5212188611297917,0.017806074848617456,0.1710449417814605,24.0,0.52,46.6908906865865,1.4765585688874125,0.4184283751063049,21.433976809494197,0.1744056875631213,0.5899954281747342,0.006547434758394957,1.778604515362531,69.70877290703356
J_3170,mode_b,0.5476827391093939,-4.3831180606116495,0.31075006766262586,0.7097333333333334,0.8862666666666666,15.153065968971866,0.20239502494665512,2.5259426458203804,0.019205683224372373,0.19978908933960715,24.0,0.52,54.43704598490149,1.2128701871261,0.44724542293697594,41.01171633694321,0.2136359362397343,0.3704190364107489,0.010579049913212657,1.8728143898770213,56.97577252984047
J_4505,mode_b,0.2664071205608267,-6.932632220065358,1.4134465689881721,0.5154999999999997,0.7992333333333331,15.51754572815702,0.22283530118293407,2.4641496520095973,0.015406241338643822,0.13633090753656318,28.0,0.52,40.22152756433934,0.4469971703365445,0.7085171623155475,42.57462874986231,0.17365162369795142,0.6327054345048964,0.008432551128789783,0.5145848258398473,18.096499522216618
J_1657,mode_b,0.7201378296501392,-1.7594321666031427,0.7355950872659827,0.9119999999999999,0.9599333333333333,15.118465683040672,0.22886128334451541,2.4823543075430132,0.030407744011826627,0.20881194000227182,28.0,0.45,54.55379491299391,0.02032105252146721,0.6722408548928798,29.85673770774156,0.18847177851013838,0.561739297490567,0.005526198344305158,0.6788015975616872,88.72814638074487
J_4828,mode_b,0.6258115245431383,-3.8792672518058753,0.35094610247883107,0.8260333333333343,0.9194666666666675,15.070690092471745,0.2366170411969906,2.5354777212499715,0.018437721602736285,0.1824563728326505,24.0,0.52,49.102788149379194,0.4490546453744173,0.4911141867749393,34.356277720071375,0.20683677635155617,0.45854970123618843,0.021319633182138205,1.7387529131956398,21.08448731712997
J_3235,mode_b,0.5620139262005055,-3.803959022004577,0.9308053894017333,0.8084333333333331,0.9143166666666664,15.226878815266923,0.26629407458595994,2.549431301530431,0.04639195898806185,0.1722825877886531,24.0,0.52,51.61701966729015,0.42710771318525076,0.7243876193650067,36.24854498077184,0.1652693989686668,0.5987770847044885,0.01339393182657659,1.5151323545724154,93.02528908941895
J_2246,mode_b,0.5490608299276116,-6.051128091953178,2.328703519829421,0.8516250000000001,0.9368833333333335,14.578104849301333,0.3180459257684421,2.4625640075653066,0.025354433438953737,0.11263588966212174,28.0,0.52,55.690236216410995,1.032322358340025,0.5250275481492281,24.50058167334646,0.1876001387182623,0.5713345856405795,0.026432825764641166,1.0569035443477333,82.8558592312038
J_3437,mode_b,0.4763441527171709,-6.226965614590623,1.8770240056820562,0.6969166666666672,0.8638833333333338,14.812077583764887,0.2611395637875522,2.5282847587683124,0.0185294456114727,0.19932709057516912,24.0,0.52,59.451686770655215,1.4262548480182886,0.3639557340182364,41.89701069146395,0.1827156814560294,0.3824194108135998,0.008290048772469163,1.0015434864908457,33.89055690262467
J_4981,mode_b,0.28413898675345034,-4.071166259637304,0.8264594196629071,0.8655,0.9400833333333335,15.111558625133734,0.6051629700379583,2.468499825502901,0.016686274215822,0.1285803755972783,28.0,0.52,42.13861330412328,0.4152019126340747,0.520685912296176,27.485690410248935,0.18256908107548953,0.5726845056749881,0.01204034940339625,1.6055113920010626,94.88097904715687
J_313,mode_b,0.4788761247055423,-8.164760890402516,4.530905103344506,0.6122916666666667,0.8258666666666666,15.366670133073974,0.16099395800876,2.424650000367884,0.0027108536664510294,0.11573537152344521,28.0,0.45,30.922094190493226,0.32428446784615517,0.5469073524698616,29.102409915067255,0.21811775962822139,0.538659080862999,0.0008328063134104013,0.7326351166702807,17.706462643109262
J_3880,mode_b,-0.18638242106242853,-4.279535410133031,0.3359491356358408,0.6346416666666662,0.8562833333333328,14.635666720550454,0.8505016333469021,2.7316996876022297,0.032223372942141275,0.182356928355512,20.0,0.6,59.09053958952427,0.11152247339487076,0.3109261921606958,33.2434664061293,0.18946402692236006,0.6464287532493472,0.028172832364216447,1.8286297111772,52.653587739914656
J_2323,mode_b,0.42251101185252715,-6.309627144913163,1.03841468572317,0.5545333333333337,0.8040333333333336,15.157791651887532,0.1704296916044518,2.566711377779569,0.008180392509174322,0.16999026551292976,24.0,0.45,44.8643694659695,0.28132227156311274,0.44379382226616143,42.70745909772813,0.21290128626860677,0.38376467442139983,0.0020459029264748097,1.376467158086598,73.14792917575687
J_668,mode_b,0.36928910847274454,-3.605006561303676,0.6135762868467688,0.7992250000000002,0.9137333333333335,14.752222303913682,0.46335071911582226,2.5347800777542235,0.01872739746672759,0.17111410528772153,24.0,0.52,50.10435198806226,1.0065864874050021,0.650362918805331,21.491766492836177,0.21078440606594084,0.6402988031506538,0.019111606171354652,1.0545917442068458,34.066335312090814
J_3949,mode_b,0.44709387044348087,-4.229870531047657,0.5786625593338612,0.5964083333333332,0.8119666666666664,14.806207328322534,0.18031510215688337,2.519069261385843,0.01363489506110923,0.15127234719034283,24.0,0.45,37.03636348620057,2.19096976518631,0.4408250550739467,24.444489162415266,0.21735692812129856,0.5673243741504848,0.004177370192483067,1.7568802582100034,68.06232750881463
J_1277,mode_b,0.4486573287567593,-4.325186963375426,0.9152253958847056,0.6911083333333327,0.8853499999999993,15.060244064877843,0.25968056519418364,2.462132735617236,0.0252776035944261,0.11947344965929321,28.0,0.52,51.71859398391098,0.5921209808439016,0.3187539756298065,31.133565893396735,0.19926367518492044,0.5267353259958327,0.02085228064097464,1.8985458938404918,16.031694593839347
J_1412,mode_b,0.07651671216135672,-3.346782793504476,0.3927828625423449,0.6354166666666665,0.8655666666666666,15.092042841684068,0.5840666851590195,2.7866033544150173,0.03142743767463242,0.1635217979641036,20.0,0.6,38.70650875288993,0.7550712609663606,0.343833480682224,34.17393514420837,0.20986147933639587,0.6410755588673056,0.02103243665769696,0.5687366533093154,63.9657034445554
J_1634,mode_b,-0.23307661529730894,-1.078473012817632,1.0947142512352106,0.8503833333333325,0.9254999999999992,15.762186305726427,0.3359630168515044,2.540166283709864,0.01754434863082748,0.19133663886223196,24.0,0.52,44.127468961291015,0.3329942598938942,0.5456690738908947,42.2800292307511,0.1946506539452821,0.6069355911575258,0.027555771823972463,0.7620910061523318,51.99416162446141
J_3882,mode_b,0.4647062645998067,-9.509799590793321,1.1514365198386303,0.7590750000000006,0.888583333333334,15.254663910572281,0.31778456308960035,2.456011133172695,0.022801450810132285,0.13926621237789033,28.0,0.52,49.69604261498898,1.3242061492055655,0.594013292528689,24.928746516816318,0.21928259600885214,0.46975135039538146,0.00700777773745358,0.9317888007499278,92.49962030909956
J_26,mode_b,0.46074459223734726,-7.355566837444399,0.5940362927291947,0.6401583333333335,0.8296166666666669,14.668333514825958,0.19444390212606744,2.459293033838068,0.025511052578371034,0.11114274927706688,28.0,0.52,57.05910606868565,0.37071129586547613,0.5958867228589952,36.82630879804492,0.18825504479929805,0.44259751345962284,0.028876474192366004,0.5350531288422644,56.32255757693201
J_2330,mode_b,-0.14441482520058146,-6.711434272137024,2.5156232314053963,0.6059666666666662,0.8304999999999996,15.638183072810039,0.34990054671483645,2.4431248043272777,0.03939353976519527,0.13506017264120893,28.0,0.52,58.33755850419402,2.527617867104709,0.4809642440639436,26.39269044622779,0.16741541556082665,0.47797614457085724,0.012055184422060846,0.7248347317799926,65.75620797928423
J_1637,mode_b,0.2773963863172819,-5.66813241766916,0.6544404233045447,0.5109416666666667,0.7694833333333334,14.653096255472127,0.258764440811901,2.4655798017768613,0.01855812310602081,0.13799288806210616,28.0,0.52,55.36333207692951,0.40526771172881126,0.4550920414738357,38.00404030364007,0.15263276160694658,0.3961278237402439,0.008136681821197271,1.4479574565775692,74.8463473143056
J_2357,mode_b,0.5770071999889302,-3.426177354789074,1.3791198535745117,0.8424083333333336,0.9350500000000003,15.51072346908449,0.2520821545179797,2.460519392062432,0.02422730401170966,0.12386032173161439,28.0,0.52,50.4063107566908,0.5133994901552796,0.5908733938820661,42.25911917630583,0.16244011550210416,0.6115635575726628,0.022634013416245578,1.950625871308148,82.29272374883294
J_625,mode_b,0.38486914097951264,-6.714383158408334,3.9671744219971754,0.703475,0.8546,15.221402700588538,0.34416930992922923,2.3714719435586216,0.003390582360085698,0.109034968355139,32.0,0.45,26.793739411979914,0.14264739397913218,0.6193476935848594,38.007645080797374,0.2147409777250141,0.6026934705674649,0.012019836595281958,1.2751302672550082,67.84026900772005
J_4354,mode_b,0.4657038283283732,-1.5009760041718716,1.1006860419939526,0.7698749999999998,0.8693166666666664,14.984896276738715,0.3199090082258432,2.464094823104337,0.021623232987292552,0.10619781219145169,28.0,0.52,40.14063054230064,0.23211022932082415,0.6554392396472395,32.91420035995543,0.19079083087854087,0.5624769158661366,0.01828141847625375,1.26366700604558,55.494850049726665
J_4915,mode_b,-1.3396135553683592,-5.2819009069975005,1.2872092286589834,0.5646687900525827,0.8306666666666668,13.900177123385916,0.23361825141552353,2.5425940137651457,0.009752188487667558,0.13543101386633333,24.0,0.45,46.457517377100885,1.3904768703505397,0.5343464121222496,32.72305177990347,0.21513161244802176,0.5524357395246625,0.029882872318848966,1.6527248686179519,57.03129483386874
J_2517,mode_b,0.3850772310113586,-6.166614483244432,1.1863042038222686,0.6651250000000007,0.8411833333333341,14.818959236624138,0.29934954167853456,2.450245625536732,0.04207097382642918,0.16134903841242806,28.0,0.45,59.00552860368043,1.194728379137814,0.7552431819029153,39.3073695525527,0.19034537004306912,0.39443107144907114,0.01771830266341567,1.0600173375569284,89.66790752019733
J_2563,mode_b,0.32519331999748663,-6.312826653942721,1.2424800127940294,0.4787583333333331,0.7837833333333332,15.086555031914727,0.1582681485493409,2.571688601999674,0.06847826884606044,0.15576907854609803,24.0,0.52,47.481263894587755,0.00135873444378376,0.771886491868645,36.64414135739207,0.18578599277883767,0.48126969216391446,0.00851221893914044,1.0288588097319007,37.615718599408865
J_533,mode_b,0.2362598455595454,-4.987900370479182,0.7306221944373991,0.6684416666666662,0.8472499999999995,15.398472979576868,0.44667072277878456,2.457942422318703,0.03372306863743094,0.12540174396151713,28.0,0.52,45.184169540181756,2.0910634668543935,0.30355339096859096,26.77890230435878,0.21435889789834617,0.5537534683011472,0.023821821212768553,1.0595023017376661,83.83890115655959
J_1741,mode_b,0.4538136116327629,-4.697691220721039,0.6386758261561204,0.7462833333333334,0.8921000000000001,14.797711398618553,0.3302370472419107,2.5369460713175647,0.014717969263964742,0.18050524069329044,24.0,0.45,56.92989266384393,2.3458737898617983,0.3352273294702172,36.1506213247776,0.1754796085227281,0.42824616217985745,0.00974462667480111,0.965229706838727,98.96100734360516
J_2212,mode_b,0.3504179462529418,-2.133835422853803,1.7237680796480603,0.6899,0.8867166666666668,14.960624064178173,0.36274892072311515,2.7567154008854278,0.040494038303271564,0.17405554451077113,20.0,0.6,53.538884745910764,0.8369428161531687,0.4139356354251504,29.22457384876907,0.2000138770416379,0.6397783285938203,0.011691562179476022,1.8969716103747487,78.7027995660901
J_3834,mode_b,0.4319176308726695,-4.466897556611652,0.8329800052738877,0.8550333333333343,0.9365000000000009,14.744948088978672,0.4347698002774661,2.4568025355275354,0.031311713479744666,0.10923981822669442,28.0,0.52,58.06259582284838,1.3995517054572701,0.32650376642122864,22.876876760274172,0.17329677266068755,0.5385263632051647,0.020489536374807358,1.4678195719607174,81.84025115333498
J_979,mode_b,0.4369709511515736,-4.149311152716935,0.3375859475631374,0.5561749999999998,0.8071999999999996,14.717772908781033,0.15152975450157788,2.525826867852319,0.009078915784556803,0.14746065418172044,24.0,0.45,30.040220201946795,2.2482197396457195,0.40264172265306114,32.092606886290014,0.2114019543863833,0.6103096016682685,0.0011485920567065476,1.9250945691019297,84.74890435114503
J_3475,mode_b,0.5316096200011761,-2.903435883774573,0.8898920206886434,0.9322250000000006,0.9671666666666674,15.029994224450476,0.4445270812883979,2.544449251031003,0.010585819963689298,0.19681844508567206,24.0,0.45,50.1846485780552,1.2874155789613724,0.4243334924802184,37.10991419386119,0.15914981598965824,0.6221839857287705,0.020775688709691167,1.8689660639502108,89.56600387580693
J_1725,mode_b,-0.3218731864522846,-7.823099735519052,0.39880495395458315,0.6434166666666667,0.8422666666666668,15.566001995539223,0.7892379384486952,2.464775833977634,0.019156054154901053,0.12612839609944856,28.0,0.52,59.96641238126904,0.06091788969933987,0.5754847775213421,44.63126645889133,0.19047398574650287,0.3773512125946581,0.011577530549839139,1.2497377581894398,18.24042629916221
J_357,mode_b,0.2887523204257633,-4.861376179168177,0.6495071125265063,0.5948416666666665,0.7911833333333331,14.902736874724269,0.31371964403201535,2.4142394958914486,0.06010496182774924,0.15073111481994683,28.0,0.45,55.07739729993045,2.395952543243766,0.4946296100504696,38.94719325937331,0.210653718020767,0.3691222903318703,0.02572208845987916,1.312855217140168,84.03096129652113
J_1913,mode_b,0.2330061902671123,-4.461411596112808,1.0286665317477197,0.4036833333333335,0.7037833333333333,14.621305359869876,0.1938864623456829,2.4162655952164847,0.0035918851401342622,0.10002104739811557,28.0,0.45,25.335399155505,1.3359211469069123,0.3844732718542218,31.659071245230734,0.2164186390861869,0.6481421402655543,0.012644333727657794,1.2078697802498937,61.66926904115826
J_3885,mode_b,0.3006617855707684,-2.213983460208615,0.5047324402334898,0.8654499999999997,0.945183333333333,15.35081433281237,0.5981498123512273,2.5331005762256167,0.018342666540679144,0.1701317247693423,24.0,0.52,51.775083049200475,0.9141000900417566,0.6206216813996435,30.742631019093096,0.17393827573396264,0.530673558730632,0.017522684829309583,1.652904369868338,31.681720702908933
J_2945,mode_b,0.3861866894361293,-3.0204494194980533,1.1237177010218358,0.7000250000000005,0.850916666666667,14.982339642087815,0.3330889607671302,2.4025164890740194,0.003267853021435583,0.08353830685590755,32.0,0.45,36.19348979461938,0.3878904702141881,0.457887639477849,43.42321444302797,0.18419914155267178,0.5134785680100322,0.025336254369467497,0.719317504670471,41.33898023981601
J_1418,mode_b,-1.9550086626252998,-3.8036691713456836,0.35123073238769026,0.5591424875924316,0.8982333333333336,16.210665845740902,0.6089425638105458,2.4500830932652686,0.03535505837965247,0.13520253705777782,28.0,0.52,37.42837787233293,2.0757094686850905,0.3974824586883187,29.831784083507955,0.1964147830288857,0.48781471606343985,0.012493260679766536,0.810625396668911,57.438956196419895
J_2073,mode_b,0.41294520629809117,-1.508960959419627,0.704432677077652,0.8197833333333335,0.9212000000000002,14.935364216881853,0.4286904890478263,2.4654124844254452,0.01996961011202008,0.12734866827437588,28.0,0.52,42.288834638893604,0.7653791550546885,0.5577118445187808,25.277491570450366,0.20217263858765364,0.48217407828196884,0.012231622785329818,0.5718939402140677,71.76330611575395
J_188,mode_b,0.23794847252075613,-3.5441767050191606,1.194753940930799,0.6150333333333335,0.8262500000000002,15.034409024954707,0.3916643951229914,2.563736167867788,0.052103908452105656,0.1625259541458673,24.0,0.52,58.94714275281876,0.050870354287326336,0.7639239828102291,26.73569531645626,0.19709510404616593,0.5461683401837945,0.006768401507288217,1.7534914198331535,86.7981140455231
J_3962,mode_b,-0.0558672731264866,-2.244626915859592,0.5496538884008098,0.7548749999999997,0.8662833333333332,14.382281999490992,0.4743704751363346,2.4593717172116443,0.024334342838208463,0.11579749982390528,28.0,0.52,39.81136916857213,0.5516104325652122,0.4246084221638739,43.158273566514254,0.20463404221460224,0.5769398903474212,0.028818988306447864,1.1646996708586812,44.902991396375
J_2380,mode_b,-2.6979909538253843,-5.662086995260636,0.5564041471494654,0.17177583385627732,0.791516666666666,13.759092500522945,0.9137149531712652,2.7255070631980813,0.03028172502637531,0.1636161078276057,20.0,0.6,49.741987561807036,0.4849979421123862,0.36018346035853027,21.882272493094206,0.1669335189834237,0.6444538298994302,0.01586589532904327,1.1843157159164548,17.753368909470737
J_4853,mode_b,0.319278375924428,-4.213103942541961,1.3540208216358613,0.4514416666666665,0.708633333333333,14.939048685534617,0.15807792559800954,2.4258586270482123,0.003746133335052452,0.11115080609318928,28.0,0.45,21.44930899143219,1.442208794876933,0.43013423793017863,38.45350384246558,0.21285959783010183,0.6116296187043191,0.007211870457977056,1.1148913009092212,48.1463657040149
J_1021,mode_b,0.4522865621694773,-6.207726095199142,1.5408821539360236,0.6775333333333331,0.8293166666666665,15.375866739899136,0.23903005729176902,2.412272536141557,0.06101597009869218,0.1771650847090374,28.0,0.45,58.70726272277534,2.5828056447207928,0.3729091269895434,20.81542336847633,0.17634765261784197,0.5396880891174078,0.005610624672845006,1.6593705471605062,55.09650649968535
J_1333,mode_b,-1.959676086303788,-3.7690646747980043,0.5751197168282868,0.4425518175433132,0.8147833333333326,16.14105651579002,0.639461016708682,2.3994387360114824,0.003903751325766161,0.08519208041801074,28.0,0.45,38.61927238013595,2.4199066506698728,0.3534574002958834,38.087384942919016,0.20596089786849917,0.4728594159707427,0.01999319569207728,1.2287022420205176,95.66298523917794
J_537,mode_b,0.357858766712286,-2.943997039862666,1.179735299621537,0.676608333333333,0.834283333333333,14.934761390913236,0.3321167674297135,2.457375162569139,0.028001960228226683,0.10947272369111935,28.0,0.52,51.32216954044998,0.68381401989609,0.654197267908603,20.49117507878691,0.21705999612808227,0.5690177937969565,0.025430907541885973,1.6877332353033125,77.40640642587095
J_2553,mode_b,0.017708724289981312,-5.216355420963646,0.8832889210331486,0.5535249999999998,0.7798833333333333,15.01395867910667,0.5516306904622337,2.457206754213019,0.02900347919330962,0.1212646173954799,28.0,0.52,38.66631877887994,1.490840113721788,0.5106664679013193,20.376928132027388,0.1845666885189712,0.5759781613945961,0.014382602144032716,1.6369228870607913,84.80475343763828
J_217,mode_b,0.27931299457047976,-5.884831667975061,0.9630554925890712,0.3904583333333336,0.7599666666666668,14.874447947340004,0.1428934779954277,2.3838887664628152,0.005096978957090837,0.1371865148444771,32.0,0.45,49.246897797100246,0.4433002145960927,0.5934881676919759,30.24315869435668,0.16578472134657204,0.36978119229897854,0.0025490254070609807,1.8710487433709204,52.49855083413422
J_2361,mode_b,0.043228519396340266,-3.5277690856884583,0.6331988443848281,0.6777916666666661,0.8591499999999993,14.963462526146781,0.656676356934244,2.410393048373901,0.019457425748412607,0.1273676901524977,28.0,0.45,44.261187077499926,1.9216342018917203,0.3632763993926346,35.967977535910904,0.16397851266898214,0.5844155418686569,0.02477141607552767,1.0763033363036811,78.10273663606495
J_2773,mode_b,0.4339210751923632,-3.7194915957014882,0.2893590296945721,0.6557750000000006,0.8303500000000006,14.981196240462031,0.2368042896109267,2.392569193328721,0.0433210145827927,0.14644348837874324,28.0,0.45,47.26548432279378,2.5189830902963877,0.33984911181032657,22.686714380979538,0.17957528947852552,0.5913605733774603,0.021434149285778404,1.594377739354968,22.067853254266083
J_2374,mode_b,0.41016711439752174,-3.8548495903691355,0.9890694284982914,0.7859250000000004,0.8880666666666669,14.754519555551255,0.393580975323092,2.4627801593831107,0.022375690978395976,0.11604374083924508,28.0,0.52,37.38132508099079,0.004800145514309406,0.42777345068752765,41.70697485562414,0.15751604253426194,0.6096834614872932,0.0218826961889863,1.3164438493549824,46.580227888189256
J_3869,mode_b,0.3365473245835141,-3.970114017468778,0.5974138155152849,0.5797,0.8232166666666666,15.295182593047999,0.2717737841055213,2.5775994853451807,0.010927174174168247,0.1363387831044779,24.0,0.45,40.09820457547903,1.4052814655005932,0.7201602498069406,31.4114637253806,0.16736235140822828,0.6275921779684723,0.0021429863758385182,1.8480989402160048,50.46918802894652
J_13,mode_b,0.22258921505467297,-7.180218978837343,2.497319429077433,0.3847333333333335,0.7652333333333334,14.653782276345803,0.19966041247944188,2.561594694485069,0.009971827179317229,0.1700088311617599,24.0,0.45,59.7782846102491,1.6203986322507262,0.7387884889729321,30.63684346154332,0.20099609283730388,0.4154087270610034,0.003764673555269837,1.449487226549536,76.65931521449238
J_837,mode_b,0.2767496858908775,-5.848520227214821,0.5585356293128568,0.5193750000000004,0.7551166666666671,14.818309627279273,0.27004654322066585,2.407921473436387,0.017134497730655812,0.1439539119074836,28.0,0.45,44.41185850929469,1.8489106502383947,0.41965784477069973,33.450344232842326,0.19802933419123292,0.4256422731094062,0.007695462992414832,0.5113915344700217,30.510465218685567
