recipe_id,strict_score,yield_score,p_robust_valid,p_margin_risk,p_under_exposed,p_merged,p_roughness_degraded,p_numerical_invalid,mean_cd_fixed,std_cd_fixed,mean_cd_locked,std_cd_locked,mean_ler_locked,std_ler_locked,mean_p_line_margin,std_p_line_margin,strict_cd_pen,strict_ler_pen,strict_cd_std_pen,strict_ler_std_pen,strict_margin_bonus,cd_error_penalty,ler_penalty,pitch_nm,line_cd_ratio,dose_mJ_cm2,sigma_nm,DH_nm2_s,time_s,Hmax_mol_dm3,kdep_s_inv,Q0_mol_dm3,kq_s_inv,abs_len_nm,_oat_knob,_oat_step,_oat_value,_pair_k1,_pair_k2,_pair_i,_pair_j,_pair_v1,_pair_v2
K_base,0.6452632750603119,0.9998000000000001,0.9999000000000001,6.666666666666667e-05,0.0,3.3333333333333335e-05,0.0,0.0,15.041070518094868,0.3904621074805188,12.468866846450569,0.29194093768171975,2.535902006260472,0.0203313572801538,0.18436424472362958,0.009099570681901705,0.0,0.0,0.7809242149610376,0.0203313572801538,0.18436424472362958,0.0,0.0,24.0,0.52,52.676753897219896,0.6776348277926445,0.5002588990144432,29.275345294736326,0.1706448632106185,0.6455813481472432,0.019664063360542057,1.0673484671860933,50.0,,,,,,,,,
K_oat_dose_mJ_cm2_00,0.6627192652925458,0.9509000000000003,0.9778000000000003,0.012383333333333336,0.007683333333333337,0.0009333333333333325,8.333333333333333e-05,0.0011166666666666658,14.923723602617411,0.32397211311837215,12.451598981286487,0.28592521208842664,2.533970020168044,0.01941764688392635,0.1820008074115234,0.008769386144657958,0.0,0.0,0.6479442262367443,0.01941764688392635,0.1820008074115234,0.0,0.0,24.0,0.52,47.40907850749791,0.6776348277926445,0.5002588990144432,29.275345294736326,0.1706448632106185,0.6455813481472432,0.019664063360542057,1.0673484671860933,50.0,dose_mJ_cm2,0,47.40907850749791,,,,,,
K_oat_dose_mJ_cm2_01,0.703734679173137,0.9770333333333338,0.9899500000000004,0.005049999999999999,0.004,0.0005833333333333331,1.6666666666666667e-05,0.00039999999999999986,14.928092544392502,0.3094781912667334,12.457808116753727,0.28226505102990185,2.534017145948652,0.019096372304917106,0.1829108930359807,0.00816016532906875,0.0,0.0,0.6189563825334669,0.019096372304917106,0.1829108930359807,0.0,0.0,24.0,0.52,48.462613585442305,0.6776348277926445,0.5002588990144432,29.275345294736326,0.1706448632106185,0.6455813481472432,0.019664063360542057,1.0673484671860933,50.0,dose_mJ_cm2,1,48.462613585442305,,,,,,
K_oat_dose_mJ_cm2_02,0.6695330125917826,0.9986500000000001,0.9994666666666667,0.0002,0.00023333333333333333,5e-05,0.0,5e-05,14.935053144188135,0.36456243330583415,12.458926974506648,0.2893710133601759,2.5351667189830107,0.019845110149691,0.1814720038898481,0.008645507326788959,0.0,0.0,0.7291248666116683,0.019845110149691,0.1814720038898481,0.0,0.0,24.0,0.52,49.5161486633867,0.6776348277926445,0.5002588990144432,29.275345294736326,0.1706448632106185,0.6455813481472432,0.019664063360542057,1.0673484671860933,50.0,dose_mJ_cm2,2,49.5161486633867,,,,,,
K_oat_dose_mJ_cm2_03,0.6646888467020904,0.9998500000000001,0.9999166666666668,6.666666666666667e-05,0.0,1.6666666666666667e-05,0.0,0.0,14.928654056492737,0.3714850128805278,12.416451261332117,0.28077186048574426,2.5339097576780274,0.018486403216443195,0.18226824476335857,0.007724909291066721,0.0,0.0,0.7429700257610556,0.018486403216443195,0.18226824476335857,0.0,0.0,24.0,0.52,50.569683741331104,0.6776348277926445,0.5002588990144432,29.275345294736326,0.1706448632106185,0.6455813481472432,0.019664063360542057,1.0673484671860933,50.0,dose_mJ_cm2,3,50.569683741331104,,,,,,
K_oat_dose_mJ_cm2_04,0.6453283718823369,0.9996750000000001,0.9998500000000001,6.666666666666667e-05,0.0,3.3333333333333335e-05,5e-05,0.0,15.033289454803548,0.3907286710649232,12.476769706916716,0.29802548553631003,2.536279029346244,0.019495448438691595,0.18451906866642315,0.007653931339456393,0.0,0.0,0.7814573421298464,0.019495448438691595,0.18451906866642315,0.0,0.0,24.0,0.52,51.6232188192755,0.6776348277926445,0.5002588990144432,29.275345294736326,0.1706448632106185,0.6455813481472432,0.019664063360542057,1.0673484671860933,50.0,dose_mJ_cm2,4,51.6232188192755,,,,,,
K_oat_dose_mJ_cm2_05,0.6950335058877535,0.9996916666666668,0.9998666666666668,3.3333333333333335e-05,0.0,1.6666666666666667e-05,8.333333333333333e-05,0.0,15.038991907130448,0.3411236473766406,12.485640386599249,0.2883593327735909,2.5365050518191237,0.01914895473476665,0.18415985586044264,0.00887653345095253,0.0,0.0,0.6822472947532812,0.01914895473476665,0.18415985586044264,0.0,0.0,24.0,0.52,52.676753897219896,0.6776348277926445,0.5002588990144432,29.275345294736326,0.1706448632106185,0.6455813481472432,0.019664063360542057,1.0673484671860933,50.0,dose_mJ_cm2,5,52.676753897219896,,,,,,
K_oat_dose_mJ_cm2_06,0.6332781502819016,0.9996583333333334,0.9998666666666668,1.6666666666666667e-05,0.0,5e-05,6.666666666666667e-05,0.0,15.041292839957434,0.4030376853261944,12.448520450931873,0.2842345909171006,2.5350844758567788,0.0192931580734138,0.18521632524587786,0.009504473126904476,0.0,0.0,0.8060753706523888,0.0192931580734138,0.18521632524587786,0.0,0.0,24.0,0.52,53.73028897516429,0.6776348277926445,0.5002588990144432,29.275345294736326,0.1706448632106185,0.6455813481472432,0.019664063360542057,1.0673484671860933,50.0,dose_mJ_cm2,6,53.73028897516429,,,,,,
K_oat_dose_mJ_cm2_07,0.6169147359453504,0.999925,0.9999666666666667,1.6666666666666667e-05,0.0,1.6666666666666667e-05,0.0,0.0,15.042798775986407,0.4193530394325552,12.438336412188198,0.30979497350106794,2.5385131605515814,0.020507099311610367,0.18638530013484303,0.009671230202720787,0.0,0.0,0.8387060788651104,0.020507099311610367,0.18638530013484303,0.0,0.0,24.0,0.52,54.78382405310869,0.6776348277926445,0.5002588990144432,29.275345294736326,0.1706448632106185,0.6455813481472432,0.019664063360542057,1.0673484671860933,50.0,dose_mJ_cm2,7,54.78382405310869,,,,,,
K_oat_dose_mJ_cm2_08,0.6441692278445394,0.999825,0.9999333333333333,1.6666666666666667e-05,0.0,5e-05,0.0,0.0,15.080926085886876,0.39328222458221235,12.440023350940482,0.27260581066818945,2.534023927697597,0.018808478101637563,0.1881227659102821,0.009673874728100993,0.0,0.0,0.7865644491644247,0.018808478101637563,0.1881227659102821,0.0,0.0,24.0,0.52,55.83735913105309,0.6776348277926445,0.5002588990144432,29.275345294736326,0.1706448632106185,0.6455813481472432,0.019664063360542057,1.0673484671860933,50.0,dose_mJ_cm2,8,55.83735913105309,,,,,,
K_oat_dose_mJ_cm2_09,0.6402868847839047,0.999875,0.9999333333333333,5e-05,0.0,1.6666666666666667e-05,0.0,0.0,15.142686583379337,0.39765327767202874,12.471070947799944,0.26664907239586894,2.5353556290530155,0.01907687276603804,0.19041439535580984,0.009900732063701878,0.0,0.0,0.7953065553440575,0.01907687276603804,0.19041439535580984,0.0,0.0,24.0,0.52,56.89089420899749,0.6776348277926445,0.5002588990144432,29.275345294736326,0.1706448632106185,0.6455813481472432,0.019664063360542057,1.0673484671860933,50.0,dose_mJ_cm2,9,56.89089420899749,,,,,,
K_oat_dose_mJ_cm2_10,0.604985785224784,0.999925,0.99995,5e-05,0.0,0.0,0.0,0.0,15.109518517585057,0.43335071069140857,12.424784584870526,0.285640957076195,2.536882358227224,0.019087159992774334,0.19182030365031913,0.009889740263380771,0.0,0.0,0.8667014213828171,0.019087159992774334,0.19182030365031913,0.0,0.0,24.0,0.52,57.94442928694188,0.6776348277926445,0.5002588990144432,29.275345294736326,0.1706448632106185,0.6455813481472432,0.019664063360542057,1.0673484671860933,50.0,dose_mJ_cm2,10,57.94442928694188,,,,,,
K_oat_sigma_nm_00,0.683811982855009,0.9998500000000001,0.9999166666666668,6.666666666666667e-05,0.0,1.6666666666666667e-05,0.0,0.0,14.964684341989155,0.353496417004033,12.4531497632325,0.2836340720328581,2.5380235876307697,0.018694269157904043,0.18722213775197546,0.008019661379421228,0.0,0.0,0.706992834008066,0.018694269157904043,0.18722213775197546,0.0,0.0,24.0,0.52,52.676753897219896,0.3776348277926445,0.5002588990144432,29.275345294736326,0.1706448632106185,0.6455813481472432,0.019664063360542057,1.0673484671860933,50.0,sigma_nm,0,0.3776348277926445,,,,,,
K_oat_sigma_nm_01,0.6846541910827559,0.9997833333333334,0.9999000000000001,5e-05,1.6666666666666667e-05,1.6666666666666667e-05,1.6666666666666667e-05,0.0,14.917611822176136,0.3517725354587684,12.41898274318703,0.2920961046546249,2.5382648859682453,0.01950401703625917,0.1855816069052827,0.008162142367806923,0.0,0.0,0.7035450709175368,0.01950401703625917,0.1855816069052827,0.0,0.0,24.0,0.52,52.676753897219896,0.4376348277926445,0.5002588990144432,29.275345294736326,0.1706448632106185,0.6455813481472432,0.019664063360542057,1.0673484671860933,50.0,sigma_nm,1,0.4376348277926445,,,,,,
K_oat_sigma_nm_02,0.682789551109975,0.9998499999999999,0.9999333333333333,1.6666666666666667e-05,0.0,0.0,5e-05,0.0,14.912591656477595,0.3541128780429306,12.433833190275063,0.2981795505043775,2.5377603809649205,0.01823412578512111,0.1846779681818645,0.00842178018644413,0.0,0.0,0.7082257560858612,0.01823412578512111,0.1846779681818645,0.0,0.0,24.0,0.52,52.676753897219896,0.49763482779264456,0.5002588990144432,29.275345294736326,0.1706448632106185,0.6455813481472432,0.019664063360542057,1.0673484671860933,50.0,sigma_nm,2,0.49763482779264456,,,,,,
K_oat_sigma_nm_03,0.6856543936926868,0.99965,0.9998500000000001,5e-05,0.0,5e-05,5e-05,0.0,14.956735441498484,0.35044254167852945,12.454464552053887,0.2960936726117581,2.5377952737913296,0.019077455504194468,0.1839426524932531,0.008679928754212848,0.0,0.0,0.7008850833570589,0.019077455504194468,0.1839426524932531,0.0,0.0,24.0,0.52,52.676753897219896,0.5576348277926446,0.5002588990144432,29.275345294736326,0.1706448632106185,0.6455813481472432,0.019664063360542057,1.0673484671860933,50.0,sigma_nm,3,0.5576348277926446,,,,,,
K_oat_sigma_nm_04,0.6638500512571409,0.999975,0.9999833333333333,1.6666666666666667e-05,0.0,0.0,0.0,0.0,14.958389848396946,0.37253079752935264,12.436383412590558,0.28219138456436277,2.5351833753239315,0.018892438305189375,0.18340827175635335,0.008540956603013102,0.0,0.0,0.7450615950587053,0.018892438305189375,0.18340827175635335,0.0,0.0,24.0,0.52,52.676753897219896,0.6176348277926446,0.5002588990144432,29.275345294736326,0.1706448632106185,0.6455813481472432,0.019664063360542057,1.0673484671860933,50.0,sigma_nm,4,0.6176348277926446,,,,,,
K_oat_sigma_nm_05,0.6506079277362237,0.9997750000000001,0.9999000000000001,5e-05,3.3333333333333335e-05,1.6666666666666667e-05,0.0,0.0,15.02962315596968,0.38559267336838426,12.477495041955704,0.28805199028155926,2.536204061721031,0.01928197044751197,0.18426634531345562,0.008817918605242524,0.0,0.0,0.7711853467367685,0.01928197044751197,0.18426634531345562,0.0,0.0,24.0,0.52,52.676753897219896,0.6776348277926445,0.5002588990144432,29.275345294736326,0.1706448632106185,0.6455813481472432,0.019664063360542057,1.0673484671860933,50.0,sigma_nm,5,0.6776348277926445,,,,,,
K_oat_sigma_nm_06,0.6059663858580095,0.9996833333333334,0.9998500000000001,8.333333333333333e-05,0.0,5e-05,1.6666666666666667e-05,0.0,15.004323222910157,0.43046406463840864,12.433051007890613,0.2823787649746915,2.533738511123561,0.018254348005749692,0.1834971646638391,0.00891519546623214,0.0,0.0,0.8609281292768173,0.018254348005749692,0.1834971646638391,0.0,0.0,24.0,0.52,52.676753897219896,0.7376348277926446,0.5002588990144432,29.275345294736326,0.1706448632106185,0.6455813481472432,0.019664063360542057,1.0673484671860933,50.0,sigma_nm,6,0.7376348277926446,,,,,,
K_oat_sigma_nm_07,0.6488833756516033,0.9998000000000001,0.9999166666666668,3.3333333333333335e-05,0.0,5e-05,0.0,0.0,15.088414359209251,0.38783539089250996,12.444730579922272,0.28512122637588205,2.5339432188727686,0.018649731502512697,0.18497452918147772,0.00783471812265176,0.0,0.0,0.7756707817850199,0.018649731502512697,0.18497452918147772,0.0,0.0,24.0,0.52,52.676753897219896,0.7976348277926446,0.5002588990144432,29.275345294736326,0.1706448632106185,0.6455813481472432,0.019664063360542057,1.0673484671860933,50.0,sigma_nm,7,0.7976348277926446,,,,,,
K_oat_sigma_nm_08,0.5880723808761249,0.99995,0.9999666666666667,3.3333333333333335e-05,0.0,0.0,0.0,0.0,15.158803641880029,0.4484669768865704,12.47291002130422,0.28249099309507747,2.532544289052055,0.01945509268107332,0.185267616412928,0.008182239756531871,0.0,0.0,0.8969339537731408,0.01945509268107332,0.185267616412928,0.0,0.0,24.0,0.52,52.676753897219896,0.8576348277926447,0.5002588990144432,29.275345294736326,0.1706448632106185,0.6455813481472432,0.019664063360542057,1.0673484671860933,50.0,sigma_nm,8,0.8576348277926447,,,,,,
K_oat_sigma_nm_09,0.5882693686982162,0.9996750000000001,0.9998500000000001,6.666666666666667e-05,0.0,3.3333333333333335e-05,5e-05,0.0,15.165665267436962,0.4478463269156245,12.435196820710042,0.29529985490233296,2.533109693686915,0.01964506875789424,0.1850529199711511,0.009266805670943559,0.0,0.0,0.895692653831249,0.01964506875789424,0.1850529199711511,0.0,0.0,24.0,0.52,52.676753897219896,0.9176348277926447,0.5002588990144432,29.275345294736326,0.1706448632106185,0.6455813481472432,0.019664063360542057,1.0673484671860933,50.0,sigma_nm,9,0.9176348277926447,,,,,,
K_oat_sigma_nm_10,0.5566624271150036,0.9995833333333334,0.9998166666666668,8.333333333333333e-05,1.6666666666666667e-05,6.666666666666667e-05,1.6666666666666667e-05,0.0,15.258114581659578,0.4794953396873716,12.469769238484673,0.27837921318313363,2.5292581870826663,0.020084884543388956,0.18646750296294548,0.009505276830374478,0.0,0.0,0.9589906793747432,0.020084884543388956,0.18646750296294548,0.0,0.0,24.0,0.52,52.676753897219896,0.9776348277926445,0.5002588990144432,29.275345294736326,0.1706448632106185,0.6455813481472432,0.019664063360542057,1.0673484671860933,50.0,sigma_nm,10,0.9776348277926445,,,,,,
K_oat_DH_nm2_s_00,0.6816291259545376,1.0,1.0,0.0,0.0,0.0,0.0,0.0,14.98883650219518,0.35725408534794867,12.471440963947845,0.2771371995495534,2.535196589878251,0.018193624126923297,0.19192009346379202,0.008828721725738878,0.0,0.0,0.7145081706958973,0.018193624126923297,0.19192009346379202,0.0,0.0,24.0,0.52,52.676753897219896,0.6776348277926445,0.40020711921155455,29.275345294736326,0.1706448632106185,0.6455813481472432,0.019664063360542057,1.0673484671860933,50.0,DH_nm2_s,0,0.40020711921155455,,,,,,
K_oat_DH_nm2_s_01,0.6761536018691401,0.999975,0.9999833333333333,1.6666666666666667e-05,0.0,0.0,0.0,0.0,14.97104326951594,0.36182729619645987,12.43608678772559,0.28067796654859534,2.533994181264502,0.018416915096828607,0.18885742245605666,0.008184669474381222,0.0,0.0,0.7236545923929197,0.018416915096828607,0.18885742245605666,0.0,0.0,24.0,0.52,52.676753897219896,0.6776348277926445,0.42021747517213226,29.275345294736326,0.1706448632106185,0.6455813481472432,0.019664063360542057,1.0673484671860933,50.0,DH_nm2_s,1,0.42021747517213226,,,,,,
K_oat_DH_nm2_s_02,0.6688620054581446,0.999975,0.9999833333333333,1.6666666666666667e-05,0.0,0.0,0.0,0.0,15.017007632171959,0.3689969894880615,12.455212830534549,0.2931256174371274,2.536694030363835,0.018614600320262648,0.18876518042534968,0.00773333038509836,0.0,0.0,0.737993978976123,0.018614600320262648,0.18876518042534968,0.0,0.0,24.0,0.52,52.676753897219896,0.6776348277926445,0.44022783113271,29.275345294736326,0.1706448632106185,0.6455813481472432,0.019664063360542057,1.0673484671860933,50.0,DH_nm2_s,2,0.44022783113271,,,,,,
K_oat_DH_nm2_s_03,0.6404692079903436,0.99995,0.9999666666666667,3.3333333333333335e-05,0.0,0.0,0.0,0.0,15.067337018905992,0.3967008201804217,12.484269823390703,0.2899873974820119,2.5360262232733857,0.019389697488339158,0.1876595076597397,0.008793400729639382,0.0,0.0,0.7934016403608434,0.019389697488339158,0.1876595076597397,0.0,0.0,24.0,0.52,52.676753897219896,0.6776348277926445,0.46023818709328773,29.275345294736326,0.1706448632106185,0.6455813481472432,0.019664063360542057,1.0673484671860933,50.0,DH_nm2_s,3,0.46023818709328773,,,,,,
K_oat_DH_nm2_s_04,0.6550087041430789,0.9998416666666666,0.9999333333333333,1.6666666666666667e-05,0.0,1.6666666666666667e-05,3.3333333333333335e-05,0.0,15.008795423970604,0.38152717541296227,12.459765821394734,0.27738308560481884,2.5346487910319504,0.019146458690548235,0.18506976893859445,0.009326413183059604,0.0,0.0,0.7630543508259245,0.019146458690548235,0.18506976893859445,0.0,0.0,24.0,0.52,52.676753897219896,0.6776348277926445,0.48024854305386544,29.275345294736326,0.1706448632106185,0.6455813481472432,0.019664063360542057,1.0673484671860933,50.0,DH_nm2_s,4,0.48024854305386544,,,,,,
K_oat_DH_nm2_s_05,0.6587316743616917,0.9999333333333332,0.9999666666666667,1.6666666666666667e-05,0.0,0.0,1.6666666666666667e-05,0.0,15.015234631157513,0.377992415626982,12.447827200553009,0.2799688870290547,2.5343786105329436,0.018678435660567868,0.18451989794249712,0.008412677393860103,0.0,0.0,0.755984831253964,0.018678435660567868,0.18451989794249712,0.0,0.0,24.0,0.52,52.676753897219896,0.6776348277926445,0.5002588990144432,29.275345294736326,0.1706448632106185,0.6455813481472432,0.019664063360542057,1.0673484671860933,50.0,DH_nm2_s,5,0.5002588990144432,,,,,,
K_oat_DH_nm2_s_06,0.6353594306835205,0.9993500000000002,0.9997166666666669,0.00011666666666666667,3.3333333333333335e-05,8.333333333333333e-05,5e-05,0.0,15.02095460708574,0.4002994233475829,12.468771806614509,0.2856099449539546,2.535840740965594,0.01884634523258824,0.1829281065895897,0.008763409791123538,0.0,0.0,0.8005988466951658,0.01884634523258824,0.1829281065895897,0.0,0.0,24.0,0.52,52.676753897219896,0.6776348277926445,0.520269254975021,29.275345294736326,0.1706448632106185,0.6455813481472432,0.019664063360542057,1.0673484671860933,50.0,DH_nm2_s,6,0.520269254975021,,,,,,
K_oat_DH_nm2_s_07,0.6467792730787618,0.9990583333333337,0.999566666666667,0.00023333333333333333,0.00011666666666666667,6.666666666666667e-05,1.6666666666666667e-05,0.0,15.06228035927051,0.3888402426718844,12.453712905492328,0.2626034790331437,2.5327292825764425,0.01824045263520443,0.18272563493965877,0.009268207109106332,0.0,0.0,0.7776804853437688,0.01824045263520443,0.18272563493965877,0.0,0.0,24.0,0.52,52.676753897219896,0.6776348277926445,0.5402796109355986,29.275345294736326,0.1706448632106185,0.6455813481472432,0.019664063360542057,1.0673484671860933,50.0,DH_nm2_s,7,0.5402796109355986,,,,,,
K_oat_DH_nm2_s_08,0.6375528620116336,0.995858333333334,0.9980500000000007,0.0010999999999999988,0.0006166666666666665,0.00011666666666666667,0.00011666666666666667,0.0,14.997357208401981,0.39343275486373985,12.44087835315112,0.2707796449775525,2.533414494212735,0.019508751756979723,0.17952663768211746,0.008905071272826966,0.0,0.0,0.7868655097274797,0.019508751756979723,0.17952663768211746,0.0,0.0,24.0,0.52,52.676753897219896,0.6776348277926445,0.5602899668961764,29.275345294736326,0.1706448632106185,0.6455813481472432,0.019664063360542057,1.0673484671860933,50.0,DH_nm2_s,8,0.5602899668961764,,,,,,
K_oat_DH_nm2_s_09,0.6064083554094102,0.9920000000000011,0.9961333333333343,0.0023333333333333335,0.0011833333333333322,0.00015000000000000001,0.0002,0.0,15.07601407529463,0.42151115005159423,12.455829748495386,0.26487191821594847,2.5331286042347556,0.01822963967365412,0.18013730119132149,0.010206104053760089,0.0,0.0,0.8430223001031885,0.01822963967365412,0.18013730119132149,0.0,0.0,24.0,0.52,52.676753897219896,0.6776348277926445,0.580300322856754,29.275345294736326,0.1706448632106185,0.6455813481472432,0.019664063360542057,1.0673484671860933,50.0,DH_nm2_s,9,0.580300322856754,,,,,,
K_oat_DH_nm2_s_10,0.6240172641221622,0.9877583333333346,0.9941333333333346,0.0035166666666666666,0.0019000000000000002,0.00028333333333333335,0.00016666666666666666,0.0,15.126200271298291,0.39931332182983315,12.478866136457954,0.2705406058300006,2.5337353446069817,0.018937678126268686,0.18016436672718014,0.009773799615029145,0.0,0.0,0.7986266436596663,0.018937678126268686,0.18016436672718014,0.0,0.0,24.0,0.52,52.676753897219896,0.6776348277926445,0.6003106788173318,29.275345294736326,0.1706448632106185,0.6455813481472432,0.019664063360542057,1.0673484671860933,50.0,DH_nm2_s,10,0.6003106788173318,,,,,,
K_oat_time_s_00,0.4750438574998873,0.9997583333333334,0.9998500000000001,0.00013333333333333334,0.0,0.0,1.6666666666666667e-05,0.0,14.434080582584334,0.3584583202133602,12.43364893506186,0.2715750336148108,2.533474960692185,0.019180524080204157,0.1643694346680526,0.008352846925154454,0.1318388348313313,0.0,0.7169166404267204,0.019180524080204157,0.1643694346680526,0.0,0.0,24.0,0.52,52.676753897219896,0.6776348277926445,0.5002588990144432,24.275345294736326,0.1706448632106185,0.6455813481472432,0.019664063360542057,1.0673484671860933,50.0,time_s,0,24.275345294736326,,,,,,
K_oat_time_s_01,0.6751712260527942,0.9997750000000001,0.9998833333333335,8.333333333333333e-05,1.6666666666666667e-05,1.6666666666666667e-05,0.0,0.0,14.553928574175893,0.35695712723385165,12.417800304911347,0.27727837888251256,2.5339975323731725,0.018822218176895014,0.16705784950037322,0.007850445463285796,0.0,0.0,0.7139142544677033,0.018822218176895014,0.16705784950037322,0.0,0.0,24.0,0.52,52.676753897219896,0.6776348277926445,0.5002588990144432,25.275345294736326,0.1706448632106185,0.6455813481472432,0.019664063360542057,1.0673484671860933,50.0,time_s,1,25.275345294736326,,,,,,
K_oat_time_s_02,0.6944199726305317,0.9998083333333334,0.9999000000000001,6.666666666666667e-05,1.6666666666666667e-05,0.0,1.6666666666666667e-05,0.0,14.705877715160373,0.33814118226375467,12.455258504123735,0.27758844190530274,2.534214182763017,0.019477615867910997,0.1699665179796338,0.008336642702186458,0.0,0.0,0.6762823645275093,0.019477615867910997,0.1699665179796338,0.0,0.0,24.0,0.52,52.676753897219896,0.6776348277926445,0.5002588990144432,26.275345294736326,0.1706448632106185,0.6455813481472432,0.019664063360542057,1.0673484671860933,50.0,time_s,2,26.275345294736326,,,,,,
K_oat_time_s_03,0.6893425974160479,0.9998166666666668,0.9999166666666668,3.3333333333333335e-05,0.0,1.6666666666666667e-05,3.3333333333333335e-05,0.0,14.736739351006195,0.3445830630139059,12.411906476549127,0.2871776476565669,2.5358333850403585,0.018977737810283127,0.1743914506737143,0.00794377337263009,0.0,0.0,0.6891661260278118,0.018977737810283127,0.1743914506737143,0.0,0.0,24.0,0.52,52.676753897219896,0.6776348277926445,0.5002588990144432,27.275345294736326,0.1706448632106185,0.6455813481472432,0.019664063360542057,1.0673484671860933,50.0,time_s,3,27.275345294736326,,,,,,
K_oat_time_s_04,0.6990858174011993,0.9998833333333332,0.99995,1.6666666666666667e-05,0.0,1.6666666666666667e-05,1.6666666666666667e-05,0.0,14.864697981820711,0.3360107110869453,12.451173878656927,0.2755197058660761,2.533794062025369,0.018744157797333322,0.17834109621391186,0.008824805338155075,0.0,0.0,0.6720214221738906,0.018744157797333322,0.17834109621391186,0.0,0.0,24.0,0.52,52.676753897219896,0.6776348277926445,0.5002588990144432,28.275345294736326,0.1706448632106185,0.6455813481472432,0.019664063360542057,1.0673484671860933,50.0,time_s,4,28.275345294736326,,,,,,
K_oat_time_s_05,0.6300939272667542,0.9996666666666668,0.9998333333333335,0.0001,0.0,3.3333333333333335e-05,3.3333333333333335e-05,0.0,15.033103945472332,0.40652238130658497,12.447080682108012,0.27347761089600886,2.5332548030081705,0.01849417825760233,0.18478692414189374,0.008683483229755895,0.0,0.0,0.8130447626131699,0.01849417825760233,0.18478692414189374,0.0,0.0,24.0,0.52,52.676753897219896,0.6776348277926445,0.5002588990144432,29.275345294736326,0.1706448632106185,0.6455813481472432,0.019664063360542057,1.0673484671860933,50.0,time_s,5,29.275345294736326,,,,,,
K_oat_time_s_06,0.6437305888050082,0.9999,0.99995,3.3333333333333335e-05,0.0,1.6666666666666667e-05,0.0,0.0,15.20454553574712,0.3935577538165077,12.464041978871869,0.27700380295469124,2.534048899200847,0.019390211691020377,0.1883337938681042,0.00792944158088451,0.0,0.0,0.7871155076330154,0.019390211691020377,0.1883337938681042,0.0,0.0,24.0,0.52,52.676753897219896,0.6776348277926445,0.5002588990144432,30.275345294736326,0.1706448632106185,0.6455813481472432,0.019664063360542057,1.0673484671860933,50.0,time_s,6,30.275345294736326,,,,,,
K_oat_time_s_07,0.664426087663497,0.9997333333333334,0.9998500000000001,0.00011666666666666667,0.0,1.6666666666666667e-05,1.6666666666666667e-05,0.0,15.42123241639785,0.37365268634850146,12.435397418495596,0.2931357837451036,2.5360228145145074,0.019357609177144405,0.1920969810689489,0.006580165315737938,0.0,0.0,0.7473053726970029,0.019357609177144405,0.1920969810689489,0.0,0.0,24.0,0.52,52.676753897219896,0.6776348277926445,0.5002588990144432,31.275345294736326,0.1706448632106185,0.6455813481472432,0.019664063360542057,1.0673484671860933,50.0,time_s,7,31.275345294736326,,,,,,
K_oat_time_s_08,0.3800566461223158,0.9998583333333333,0.9999333333333333,3.3333333333333335e-05,0.0,1.6666666666666667e-05,1.6666666666666667e-05,0.0,15.601643609269258,0.35411361978787065,12.449912452801463,0.2805825487050888,2.5343364217552526,0.018990817380866668,0.1949526763002458,0.005722620036250879,0.2032872185385166,0.0,0.7082272395757413,0.018990817380866668,0.1949526763002458,0.0,0.0,24.0,0.52,52.676753897219896,0.6776348277926445,0.5002588990144432,32.275345294736326,0.1706448632106185,0.6455813481472432,0.019664063360542057,1.0673484671860933,50.0,time_s,8,32.275345294736326,,,,,,
K_oat_time_s_09,0.1410992304442271,0.9996333333333334,0.9998500000000001,5e-05,6.666666666666667e-05,1.6666666666666667e-05,1.6666666666666667e-05,0.0,15.710161723267511,0.2679996687368673,12.445382345072124,0.2739767156985497,2.5334373267663755,0.017957732136397515,0.19571840687397157,0.005408230316841276,0.42032344653502207,0.0,0.5359993374737346,0.017957732136397515,0.19571840687397157,0.0,0.0,24.0,0.52,52.676753897219896,0.6776348277926445,0.5002588990144432,33.275345294736326,0.1706448632106185,0.6455813481472432,0.019664063360542057,1.0673484671860933,50.0,time_s,9,33.275345294736326,,,,,,
K_oat_time_s_10,-0.0008772867721578009,0.9998000000000001,0.9998833333333335,0.0001,1.6666666666666667e-05,0.0,0.0,0.0,15.763502949261847,0.24992342871020834,12.408204671829472,0.28896115520999377,2.5347150755234837,0.018601235920238515,0.19622243073484036,0.0049301212156408255,0.5270058985236936,0.0,0.4998468574204167,0.018601235920238515,0.19622243073484036,0.0,0.0,24.0,0.52,52.676753897219896,0.6776348277926445,0.5002588990144432,34.275345294736326,0.1706448632106185,0.6455813481472432,0.019664063360542057,1.0673484671860933,50.0,time_s,10,34.275345294736326,,,,,,
K_oat_Hmax_mol_dm3_00,0.5275906988965842,0.842383333333334,0.9391666666666673,0.016566666666666688,0.04409999999999996,0.0,0.00013333333333333334,3.3333333333333335e-05,14.773347704008515,0.35064616518567987,12.43357449452938,0.2901932913917946,2.5351555337681897,0.019028484961417826,0.18147109291855582,0.009443856890321766,0.0,0.0,0.7012923303713597,0.019028484961417826,0.18147109291855582,0.0,0.0,24.0,0.52,52.676753897219896,0.6776348277926445,0.5002588990144432,29.275345294736326,0.15358037688955664,0.6455813481472432,0.019664063360542057,1.0673484671860933,50.0,Hmax_mol_dm3,0,0.15358037688955664,,,,,,
K_oat_Hmax_mol_dm3_01,0.600864590723367,0.9344166666666675,0.9744000000000008,0.00743333333333334,0.01788333333333335,5e-05,0.0002,3.3333333333333335e-05,14.768764060498738,0.369043731253221,12.4151481508183,0.30481854047809637,2.5360322852315784,0.019701659378440397,0.18136993999656273,0.008810723420546868,0.0,0.0,0.738087462506442,0.019701659378440397,0.18136993999656273,0.0,0.0,24.0,0.52,52.676753897219896,0.6776348277926445,0.5002588990144432,29.275345294736326,0.156993274153769,0.6455813481472432,0.019664063360542057,1.0673484671860933,50.0,Hmax_mol_dm3,1,0.156993274153769,,,,,,
K_oat_Hmax_mol_dm3_02,0.6553720475778442,0.989758333333334,0.9955333333333339,0.0021,0.002183333333333334,1.6666666666666667e-05,0.00011666666666666667,5e-05,14.87291460090936,0.3707829233414598,12.463454956271839,0.27518635377300704,2.5331693294743114,0.01841865686482485,0.18242386407352965,0.008927421972953164,0.0,0.0,0.7415658466829196,0.01841865686482485,0.18242386407352965,0.0,0.0,24.0,0.52,52.676753897219896,0.6776348277926445,0.5002588990144432,29.275345294736326,0.16040617141798139,0.6455813481472432,0.019664063360542057,1.0673484671860933,50.0,Hmax_mol_dm3,2,0.16040617141798139,,,,,,
K_oat_Hmax_mol_dm3_03,0.6771694583248014,0.9972083333333339,0.9988500000000006,0.00041666666666666653,0.0006666666666666661,0.0,6.666666666666667e-05,0.0,14.887204183453411,0.3559389531824763,12.442911737401582,0.2904628468373483,2.5345690293721175,0.01916452860334904,0.18192936990247324,0.008343039233893353,0.0,0.0,0.7118779063649526,0.01916452860334904,0.18192936990247324,0.0,0.0,24.0,0.52,52.676753897219896,0.6776348277926445,0.5002588990144432,29.275345294736326,0.16381906868219376,0.6455813481472432,0.019664063360542057,1.0673484671860933,50.0,Hmax_mol_dm3,3,0.16381906868219376,,,,,,
K_oat_Hmax_mol_dm3_04,0.6671310761914685,0.9991500000000002,0.9996666666666669,8.333333333333333e-05,0.00016666666666666666,3.3333333333333335e-05,5e-05,0.0,14.915164137568695,0.36828908365849083,12.427717304730727,0.28262199925609477,2.5335972595310308,0.018584096995363942,0.1822488333905647,0.008613398749537812,0.0,0.0,0.7365781673169817,0.018584096995363942,0.1822488333905647,0.0,0.0,24.0,0.52,52.676753897219896,0.6776348277926445,0.5002588990144432,29.275345294736326,0.16723196594640613,0.6455813481472432,0.019664063360542057,1.0673484671860933,50.0,Hmax_mol_dm3,4,0.16723196594640613,,,,,,
K_oat_Hmax_mol_dm3_05,0.6562135342062332,0.9998583333333333,0.9999333333333333,3.3333333333333335e-05,0.0,1.6666666666666667e-05,1.6666666666666667e-05,0.0,15.0575629097308,0.3804689043658317,12.469410363556035,0.27981350835739865,2.5343957562991757,0.018909654811664175,0.18511573057825434,0.008896628689603768,0.0,0.0,0.7609378087316634,0.018909654811664175,0.18511573057825434,0.0,0.0,24.0,0.52,52.676753897219896,0.6776348277926445,0.5002588990144432,29.275345294736326,0.1706448632106185,0.6455813481472432,0.019664063360542057,1.0673484671860933,50.0,Hmax_mol_dm3,5,0.1706448632106185,,,,,,
K_oat_Hmax_mol_dm3_06,0.6271463142570981,0.9998166666666667,0.9999333333333333,0.0,3.3333333333333335e-05,0.0,3.3333333333333335e-05,0.0,15.103764094836219,0.4098145279770384,12.439292608406586,0.28667644475612114,2.5346383296270885,0.01850948703611018,0.1855956763420993,0.008343286393666603,0.0,0.0,0.8196290559540768,0.01850948703611018,0.1855956763420993,0.0,0.0,24.0,0.52,52.676753897219896,0.6776348277926445,0.5002588990144432,29.275345294736326,0.17405776047483087,0.6455813481472432,0.019664063360542057,1.0673484671860933,50.0,Hmax_mol_dm3,6,0.17405776047483087,,,,,,
K_oat_Hmax_mol_dm3_07,0.6499890703552231,0.9997250000000001,0.9998833333333335,1.6666666666666667e-05,0.0,0.0,0.0001,0.0,15.159117081512923,0.3865050208899356,12.458001464928081,0.27436292656049616,2.534184033417856,0.019193718033179485,0.18546380104699378,0.00920456496356951,0.0,0.0,0.7730100417798712,0.019193718033179485,0.18546380104699378,0.0,0.0,24.0,0.52,52.676753897219896,0.6776348277926445,0.5002588990144432,29.275345294736326,0.17747065773904325,0.6455813481472432,0.019664063360542057,1.0673484671860933,50.0,Hmax_mol_dm3,7,0.17747065773904325,,,,,,
K_oat_Hmax_mol_dm3_08,0.6500245581328827,0.9999083333333333,0.9999666666666667,0.0,1.6666666666666667e-05,0.0,1.6666666666666667e-05,0.0,15.186411180282075,0.3872463824026238,12.421408097440416,0.28228881056103683,2.5351363687881845,0.018430231324207496,0.1863108914571084,0.00896393314928901,0.0,0.0,0.7744927648052476,0.018430231324207496,0.1863108914571084,0.0,0.0,24.0,0.52,52.676753897219896,0.6776348277926445,0.5002588990144432,29.275345294736326,0.18088355500325562,0.6455813481472432,0.019664063360542057,1.0673484671860933,50.0,Hmax_mol_dm3,8,0.18088355500325562,,,,,,
K_oat_Hmax_mol_dm3_09,0.6508027648386828,0.9998583333333334,0.9999166666666668,6.666666666666667e-05,0.0,0.0,1.6666666666666667e-05,0.0,15.228531049617954,0.3865131550546329,12.443962684282619,0.2962375950760021,2.537369553078756,0.019009510175330174,0.18784936659058984,0.007915272631076031,0.0,0.0,0.7730263101092658,0.019009510175330174,0.18784936659058984,0.0,0.0,24.0,0.52,52.676753897219896,0.6776348277926445,0.5002588990144432,29.275345294736326,0.184296452267468,0.6455813481472432,0.019664063360542057,1.0673484671860933,50.0,Hmax_mol_dm3,9,0.184296452267468,,,,,,
K_oat_Hmax_mol_dm3_10,0.6636258732425905,0.9998250000000001,0.9999166666666668,5e-05,3.3333333333333335e-05,0.0,0.0,0.0,15.332696508035554,0.3744409411192545,12.478370667020478,0.26434935335823845,2.534212351093887,0.017979691352881345,0.18892664015314245,0.008260032920458158,0.0,0.0,0.748881882238509,0.017979691352881345,0.18892664015314245,0.0,0.0,24.0,0.52,52.676753897219896,0.6776348277926445,0.5002588990144432,29.275345294736326,0.18770934953168036,0.6455813481472432,0.019664063360542057,1.0673484671860933,50.0,Hmax_mol_dm3,10,0.18770934953168036,,,,,,
K_oat_kdep_s_inv_00,0.6840358178677173,0.9997333333333334,0.9998666666666668,8.333333333333333e-05,0.0,3.3333333333333335e-05,1.6666666666666667e-05,0.0,14.658908389305298,0.3518926709237554,12.454458152620923,0.2897808639642398,2.5364035366968474,0.019293996406460717,0.18336861464547874,0.00810992434005705,0.0,0.0,0.7037853418475108,0.019293996406460717,0.18336861464547874,0.0,0.0,24.0,0.52,52.676753897219896,0.6776348277926445,0.5002588990144432,29.275345294736326,0.1706448632106185,0.5487441459251567,0.019664063360542057,1.0673484671860933,50.0,kdep_s_inv,0,0.5487441459251567,,,,,,
K_oat_kdep_s_inv_01,0.6921580821464933,0.999875,0.9999333333333333,5e-05,0.0,1.6666666666666667e-05,0.0,0.0,14.618719662490369,0.34413354696068515,12.40558997568964,0.2889383080767902,2.535655297106253,0.0188963419035967,0.18345920023590764,0.008954417009832651,0.0,0.0,0.6882670939213703,0.0188963419035967,0.18345920023590764,0.0,0.0,24.0,0.52,52.676753897219896,0.6776348277926445,0.5002588990144432,29.275345294736326,0.1706448632106185,0.5588697313326411,0.019664063360542057,1.0673484671860933,50.0,kdep_s_inv,1,0.5588697313326411,,,,,,
K_oat_kdep_s_inv_02,0.6436684555444268,0.9997083333333334,0.9998666666666668,5e-05,0.0,1.6666666666666667e-05,6.666666666666667e-05,0.0,14.791940048565344,0.39285332045937726,12.392548007138306,0.27909307644039816,2.5340014191735856,0.018136431269925566,0.1835266332217332,0.007674246195202964,0.0,0.0,0.7857066409187545,0.018136431269925566,0.1835266332217332,0.0,0.0,24.0,0.52,52.676753897219896,0.6776348277926445,0.5002588990144432,29.275345294736326,0.1706448632106185,0.5689953167401254,0.019664063360542057,1.0673484671860933,50.0,kdep_s_inv,2,0.5689953167401254,,,,,,
K_oat_kdep_s_inv_03,0.6339298787571035,0.9997333333333334,0.9998666666666668,8.333333333333333e-05,0.0,3.3333333333333335e-05,1.6666666666666667e-05,0.0,14.905986048582253,0.4019530759412011,12.464544931389588,0.282229812722969,2.5351977882117867,0.020086443841747625,0.18477137314338024,0.008645693735991921,0.0,0.0,0.8039061518824022,0.020086443841747625,0.18477137314338024,0.0,0.0,24.0,0.52,52.676753897219896,0.6776348277926445,0.5002588990144432,29.275345294736326,0.1706448632106185,0.5791209021476097,0.019664063360542057,1.0673484671860933,50.0,kdep_s_inv,3,0.5791209021476097,,,,,,
K_oat_kdep_s_inv_04,0.6106776021354349,0.9998250000000001,0.9999166666666668,5e-05,0.0,3.3333333333333335e-05,0.0,0.0,14.879888757529152,0.4255193824268818,12.426764535342206,0.3053257774887887,2.5371126900041596,0.019799991084196368,0.18508792041765929,0.008801505226033665,0.0,0.0,0.8510387648537636,0.019799991084196368,0.18508792041765929,0.0,0.0,24.0,0.52,52.676753897219896,0.6776348277926445,0.5002588990144432,29.275345294736326,0.1706448632106185,0.589246487555094,0.019664063360542057,1.0673484671860933,50.0,kdep_s_inv,4,0.589246487555094,,,,,,
K_oat_kdep_s_inv_05,0.6267863657511968,0.9997250000000001,0.9998833333333335,3.3333333333333335e-05,1.6666666666666667e-05,1.6666666666666667e-05,5e-05,0.0,14.950309689711947,0.4105604058334217,12.423146954515051,0.27182334649082535,2.532540213787099,0.017431664643240523,0.18535041562495472,0.008075937629916647,0.0,0.0,0.8211208116668434,0.017431664643240523,0.18535041562495472,0.0,0.0,24.0,0.52,52.676753897219896,0.6776348277926445,0.5002588990144432,29.275345294736326,0.1706448632106185,0.5993720729625784,0.019664063360542057,1.0673484671860933,50.0,kdep_s_inv,5,0.5993720729625784,,,,,,
K_oat_kdep_s_inv_06,0.610433649047383,0.9997333333333334,0.9998500000000001,0.00011666666666666667,0.0,1.6666666666666667e-05,1.6666666666666667e-05,0.0,14.909665407819759,0.4260399190440155,12.429603591148753,0.2980993520440832,2.5369557130914093,0.01892576729559102,0.18481247362344244,0.009038430738076378,0.0,0.0,0.852079838088031,0.01892576729559102,0.18481247362344244,0.0,0.0,24.0,0.52,52.676753897219896,0.6776348277926445,0.5002588990144432,29.275345294736326,0.1706448632106185,0.6094976583700628,0.019664063360542057,1.0673484671860933,50.0,kdep_s_inv,6,0.6094976583700628,,,,,,
K_oat_kdep_s_inv_07,0.6497109060357866,0.9999083333333333,0.99995,3.3333333333333335e-05,0.0,0.0,1.6666666666666667e-05,0.0,14.98211897961271,0.3865748053570419,12.464247211627416,0.28444251498532214,2.5366592221050093,0.020129697095643054,0.18576890642926705,0.009021060096024216,0.0,0.0,0.7731496107140838,0.020129697095643054,0.18576890642926705,0.0,0.0,24.0,0.52,52.676753897219896,0.6776348277926445,0.5002588990144432,29.275345294736326,0.1706448632106185,0.6196232437775471,0.019664063360542057,1.0673484671860933,50.0,kdep_s_inv,7,0.6196232437775471,,,,,,
K_oat_kdep_s_inv_08,0.6737502174275242,0.9997333333333334,0.9998833333333335,5e-05,0.0,5e-05,1.6666666666666667e-05,0.0,14.98549728634952,0.3628095467954281,12.4514318748557,0.28144958654189395,2.5343298346603174,0.01903775293692785,0.1853812294323312,0.008537742258174542,0.0,0.0,0.7256190935908562,0.01903775293692785,0.1853812294323312,0.0,0.0,24.0,0.52,52.676753897219896,0.6776348277926445,0.5002588990144432,29.275345294736326,0.1706448632106185,0.6297488291850314,0.019664063360542057,1.0673484671860933,50.0,kdep_s_inv,8,0.6297488291850314,,,,,,
K_oat_kdep_s_inv_09,0.651223996042268,0.9997916666666667,0.9999000000000001,5e-05,0.0,1.6666666666666667e-05,3.3333333333333335e-05,0.0,14.971853432958671,0.38521404517722835,12.411330111481718,0.29520618352621425,2.536112264931667,0.01869955122850546,0.1839846006683296,0.00854660812018335,0.0,0.0,0.7704280903544567,0.01869955122850546,0.1839846006683296,0.0,0.0,24.0,0.52,52.676753897219896,0.6776348277926445,0.5002588990144432,29.275345294736326,0.1706448632106185,0.6398744145925157,0.019664063360542057,1.0673484671860933,50.0,kdep_s_inv,9,0.6398744145925157,,,,,,
K_oat_kdep_s_inv_10,0.572510807102707,0.976625000000003,0.9866666666666696,0.009966666666666674,1.6666666666666667e-05,0.0,0.0033499999999999975,0.0,15.071827825059398,0.4398243295572001,12.470124098461456,0.28922069828637476,2.5354740941963647,0.020441684148587835,0.1837239149367923,0.009027477907168282,0.0,0.0,0.8796486591144002,0.020441684148587835,0.1837239149367923,0.0,0.0,24.0,0.52,52.676753897219896,0.6776348277926445,0.5002588990144432,29.275345294736326,0.1706448632106185,0.65,0.019664063360542057,1.0673484671860933,50.0,kdep_s_inv,10,0.65,,,,,,
K_oat_Q0_mol_dm3_00,0.6878102306327393,0.9996666666666667,0.9998500000000001,5e-05,0.0,1.6666666666666667e-05,8.333333333333333e-05,0.0,15.102402216245633,0.3478640620796555,12.41833459466722,0.2711037946293195,2.5321661017329715,0.018424964363954813,0.18088043291082193,0.009123650658202134,0.0,0.0,0.695728124159311,0.018424964363954813,0.18088043291082193,0.0,0.0,24.0,0.52,52.676753897219896,0.6776348277926445,0.5002588990144432,29.275345294736326,0.1706448632106185,0.6455813481472432,0.01376484435237944,1.0673484671860933,50.0,Q0_mol_dm3,0,0.01376484435237944,,,,,,
K_oat_Q0_mol_dm3_01,0.6912375307787856,0.9999,0.99995,3.3333333333333335e-05,1.6666666666666667e-05,0.0,0.0,0.0,15.03549141754385,0.3446155297248836,12.398125426110477,0.2713025045586248,2.5324948527020528,0.01843117456226996,0.180674591139217,0.008490108403913765,0.0,0.0,0.6892310594497671,0.01843117456226996,0.180674591139217,0.0,0.0,24.0,0.52,52.676753897219896,0.6776348277926445,0.5002588990144432,29.275345294736326,0.1706448632106185,0.6455813481472432,0.014944688154011964,1.0673484671860933,50.0,Q0_mol_dm3,1,0.014944688154011964,,,,,,
K_oat_Q0_mol_dm3_02,0.6476959889247688,0.9996083333333334,0.9998166666666668,0.0001,0.0,6.666666666666667e-05,1.6666666666666667e-05,0.0,15.095089579567302,0.3883333219863539,12.449818241536995,0.28797856391194115,2.5342409157256487,0.018639369425600044,0.18296264916235672,0.009354088619392815,0.0,0.0,0.7766666439727078,0.018639369425600044,0.18296264916235672,0.0,0.0,24.0,0.52,52.676753897219896,0.6776348277926445,0.5002588990144432,29.275345294736326,0.1706448632106185,0.6455813481472432,0.016124531955644488,1.0673484671860933,50.0,Q0_mol_dm3,2,0.016124531955644488,,,,,,
K_oat_Q0_mol_dm3_03,0.6718011905565007,0.99985,0.9999333333333333,3.3333333333333335e-05,0.0,3.3333333333333335e-05,0.0,0.0,15.039824657484514,0.36444317663770126,12.446955718465713,0.27771763058144444,2.5336701658385667,0.01882206391962465,0.18322159661605725,0.009244422904931857,0.0,0.0,0.7288863532754025,0.01882206391962465,0.18322159661605725,0.0,0.0,24.0,0.52,52.676753897219896,0.6776348277926445,0.5002588990144432,29.275345294736326,0.1706448632106185,0.6455813481472432,0.01730437575727701,1.0673484671860933,50.0,Q0_mol_dm3,3,0.01730437575727701,,,,,,
K_oat_Q0_mol_dm3_04,0.6561944560022466,0.9998166666666668,0.9999166666666668,3.3333333333333335e-05,0.0,1.6666666666666667e-05,3.3333333333333335e-05,0.0,15.04381644834385,0.37958129610133556,12.448159303461823,0.28062338975101025,2.5340639949460253,0.01972826108573679,0.18329286391913527,0.00835555358994404,0.0,0.0,0.7591625922026711,0.01972826108573679,0.18329286391913527,0.0,0.0,24.0,0.52,52.676753897219896,0.6776348277926445,0.5002588990144432,29.275345294736326,0.1706448632106185,0.6455813481472432,0.018484219558909533,1.0673484671860933,50.0,Q0_mol_dm3,4,0.018484219558909533,,,,,,
K_oat_Q0_mol_dm3_05,0.6617224095140729,0.9998250000000001,0.9999000000000001,8.333333333333333e-05,0.0,1.6666666666666667e-05,0.0,0.0,15.00131207751155,0.37412881853164953,12.448720574863527,0.29063203723411063,2.5347376013094607,0.020043524752248083,0.1841919616873856,0.008754022374090833,0.0,0.0,0.7482576370632991,0.020043524752248083,0.1841919616873856,0.0,0.0,24.0,0.52,52.676753897219896,0.6776348277926445,0.5002588990144432,29.275345294736326,0.1706448632106185,0.6455813481472432,0.019664063360542057,1.0673484671860933,50.0,Q0_mol_dm3,5,0.019664063360542057,,,,,,
K_oat_Q0_mol_dm3_06,0.6392502573730803,0.9996250000000001,0.9998166666666668,0.0001,0.0,3.3333333333333335e-05,5e-05,0.0,14.997738851784536,0.39715760580867127,12.4373011164582,0.2913275196679388,2.5353386146129884,0.019003536690940563,0.1851385261088869,0.008296869275782439,0.0,0.0,0.7943152116173425,0.019003536690940563,0.1851385261088869,0.0,0.0,24.0,0.52,52.676753897219896,0.6776348277926445,0.5002588990144432,29.275345294736326,0.1706448632106185,0.6455813481472432,0.02084390716217458,1.0673484671860933,50.0,Q0_mol_dm3,6,0.02084390716217458,,,,,,
K_oat_Q0_mol_dm3_07,0.6493828165862268,0.998791666666667,0.9995833333333337,5e-05,0.00030000000000000003,3.3333333333333335e-05,0.0,3.3333333333333335e-05,14.965718450709579,0.38640091490224965,12.441017660521796,0.2885336984690845,2.535590311662267,0.018804875396444466,0.18557801008012664,0.008316541761424094,0.0,0.0,0.7728018298044993,0.018804875396444466,0.18557801008012664,0.0,0.0,24.0,0.52,52.676753897219896,0.6776348277926445,0.5002588990144432,29.275345294736326,0.1706448632106185,0.6455813481472432,0.022023750963807105,1.0673484671860933,50.0,Q0_mol_dm3,7,0.022023750963807105,,,,,,
K_oat_Q0_mol_dm3_08,0.636720877386625,0.9959250000000008,0.9984666666666675,0.0004166666666666666,0.0009833333333333322,3.3333333333333335e-05,0.0,0.0001,14.959074379265497,0.395944366240035,12.45544594051126,0.2884502988636594,2.536599313405935,0.019387088875577455,0.1857351522577913,0.00860667547421742,0.0,0.0,0.79188873248007,0.019387088875577455,0.1857351522577913,0.0,0.0,24.0,0.52,52.676753897219896,0.6776348277926445,0.5002588990144432,29.275345294736326,0.1706448632106185,0.6455813481472432,0.02320359476543963,1.0673484671860933,50.0,Q0_mol_dm3,8,0.02320359476543963,,,,,,
K_oat_Q0_mol_dm3_09,0.6152146971869097,0.9911500000000012,0.9962500000000012,0.0016833333333333331,0.0019000000000000015,1.6666666666666667e-05,1.6666666666666667e-05,0.00013333333333333334,14.947795904848073,0.41270257091576956,12.459846156541904,0.29984948481151474,2.5389126430164586,0.0198582469216657,0.18678556625404355,0.007990106669291439,0.0,0.0,0.8254051418315391,0.0198582469216657,0.18678556625404355,0.0,0.0,24.0,0.52,52.676753897219896,0.6776348277926445,0.5002588990144432,29.275345294736326,0.1706448632106185,0.6455813481472432,0.024383438567072153,1.0673484671860933,50.0,Q0_mol_dm3,9,0.024383438567072153,,,,,,
K_oat_Q0_mol_dm3_10,0.6281980042754404,0.9836583333333352,0.9933333333333352,0.002533333333333336,0.0039000000000000007,6.666666666666667e-05,1.6666666666666667e-05,0.00015000000000000001,14.939331405329915,0.3929757010958675,12.449112846500325,0.2904824335366178,2.5362743841329105,0.018883828578061236,0.18782914530801326,0.008165870142993224,0.0,0.0,0.785951402191735,0.018883828578061236,0.18782914530801326,0.0,0.0,24.0,0.52,52.676753897219896,0.6776348277926445,0.5002588990144432,29.275345294736326,0.1706448632106185,0.6455813481472432,0.025563282368704674,1.0673484671860933,50.0,Q0_mol_dm3,10,0.025563282368704674,,,,,,
K_oat_kq_s_inv_00,0.6672051332481446,0.9997250000000001,0.9999000000000001,1.6666666666666667e-05,0.0,8.333333333333333e-05,0.0,0.0,15.052102434334879,0.36941921509977493,12.467750995513615,0.2904368855734812,2.536820612872953,0.01954153301518948,0.18668045942205683,0.00808389643272127,0.0,0.0,0.7388384301995499,0.01954153301518948,0.18668045942205683,0.0,0.0,24.0,0.52,52.676753897219896,0.6776348277926445,0.5002588990144432,29.275345294736326,0.1706448632106185,0.6455813481472432,0.019664063360542057,0.7471439270302653,50.0,kq_s_inv,0,0.7471439270302653,,,,,,
K_oat_kq_s_inv_01,0.6598962137041037,0.99965,0.9998000000000001,0.00015000000000000001,0.0,0.0,5e-05,0.0,15.045358757265694,0.3763679888634254,12.447600358369414,0.28939626582338773,2.5351191972940113,0.01964844991580118,0.18575371010171818,0.008466966826154408,0.0,0.0,0.7527359777268507,0.01964844991580118,0.18575371010171818,0.0,0.0,24.0,0.52,52.676753897219896,0.6776348277926445,0.5002588990144432,29.275345294736326,0.1706448632106185,0.6455813481472432,0.019664063360542057,0.8111848350614309,50.0,kq_s_inv,1,0.8111848350614309,,,,,,
K_oat_kq_s_inv_02,0.6133928218465657,0.9996833333333334,0.9998333333333335,0.00011666666666666667,0.0,3.3333333333333335e-05,1.6666666666666667e-05,0.0,15.007606758685323,0.42308143402328957,12.437786766810554,0.30625231411886855,2.538279319696525,0.019186570754688267,0.18553683165546425,0.008967042110741313,0.0,0.0,0.8461628680465791,0.019186570754688267,0.18553683165546425,0.0,0.0,24.0,0.52,52.676753897219896,0.6776348277926445,0.5002588990144432,29.275345294736326,0.1706448632106185,0.6455813481472432,0.019664063360542057,0.8752257430925965,50.0,kq_s_inv,2,0.8752257430925965,,,,,,
K_oat_kq_s_inv_03,0.6148416756582232,0.9996666666666668,0.9998333333333335,0.0001,0.0,3.3333333333333335e-05,3.3333333333333335e-05,0.0,14.98741309293118,0.4213277696737237,12.45176065588375,0.284980150824001,2.5352781043498784,0.019433571618073305,0.1848782578972675,0.009458823395815419,0.0,0.0,0.8426555393474474,0.019433571618073305,0.1848782578972675,0.0,0.0,24.0,0.52,52.676753897219896,0.6776348277926445,0.5002588990144432,29.275345294736326,0.1706448632106185,0.6455813481472432,0.019664063360542057,0.9392666511237622,50.0,kq_s_inv,3,0.9392666511237622,,,,,,
K_oat_kq_s_inv_04,0.6527654709597904,0.9998833333333332,0.99995,1.6666666666666667e-05,0.0,1.6666666666666667e-05,1.6666666666666667e-05,0.0,15.035981530708924,0.3834349534302902,12.475156327039683,0.28701801207261535,2.535022434076163,0.01975308595570043,0.18477453613839065,0.008826756708151789,0.0,0.0,0.7668699068605804,0.01975308595570043,0.18477453613839065,0.0,0.0,24.0,0.52,52.676753897219896,0.6776348277926445,0.5002588990144432,29.275345294736326,0.1706448632106185,0.6455813481472432,0.019664063360542057,1.0033075591549276,50.0,kq_s_inv,4,1.0033075591549276,,,,,,
K_oat_kq_s_inv_05,0.6483914281073715,0.99955,0.9998166666666668,5e-05,1.6666666666666667e-05,6.666666666666667e-05,5e-05,0.0,15.024021216984119,0.3878330882017819,12.464382952292151,0.2880502836966658,2.535068026245555,0.018969251134377956,0.18463656750536928,0.008382169561855717,0.0,0.0,0.7756661764035638,0.018969251134377956,0.18463656750536928,0.0,0.0,24.0,0.52,52.676753897219896,0.6776348277926445,0.5002588990144432,29.275345294736326,0.1706448632106185,0.6455813481472432,0.019664063360542057,1.0673484671860933,50.0,kq_s_inv,5,1.0673484671860933,,,,,,
K_oat_kq_s_inv_06,0.6589603142222769,0.9997250000000001,0.9998833333333335,5e-05,1.6666666666666667e-05,5e-05,0.0,0.0,15.00243869693046,0.37715458148958375,12.463327350638405,0.2783786531618031,2.5345555716520702,0.018786022302544062,0.18313162745252975,0.008797902577098154,0.0,0.0,0.7543091629791675,0.018786022302544062,0.18313162745252975,0.0,0.0,24.0,0.52,52.676753897219896,0.6776348277926445,0.5002588990144432,29.275345294736326,0.1706448632106185,0.6455813481472432,0.019664063360542057,1.131389375217259,50.0,kq_s_inv,6,1.131389375217259,,,,,,
K_oat_kq_s_inv_07,0.6374312292478239,0.99975,0.9999000000000001,1.6666666666666667e-05,0.0,3.3333333333333335e-05,5e-05,0.0,15.01364263841373,0.39858142822795967,12.457420000754759,0.28836675083680136,2.534979980038323,0.01951250864278284,0.18407564718869984,0.008962249304559546,0.0,0.0,0.7971628564559193,0.01951250864278284,0.18407564718869984,0.0,0.0,24.0,0.52,52.676753897219896,0.6776348277926445,0.5002588990144432,29.275345294736326,0.1706448632106185,0.6455813481472432,0.019664063360542057,1.1954302832484247,50.0,kq_s_inv,7,1.1954302832484247,,,,,,
K_oat_kq_s_inv_08,0.6332027561212153,0.9998166666666668,0.9999166666666668,3.3333333333333335e-05,0.0,1.6666666666666667e-05,3.3333333333333335e-05,0.0,15.015584005150972,0.4030489690356632,12.461304591615903,0.2905144872335066,2.5363210571929953,0.01950831476884322,0.18475686349853335,0.008830985176615793,0.0,0.0,0.8060979380713263,0.01950831476884322,0.18475686349853335,0.0,0.0,24.0,0.52,52.676753897219896,0.6776348277926445,0.5002588990144432,29.275345294736326,0.1706448632106185,0.6455813481472432,0.019664063360542057,1.2594711912795902,50.0,kq_s_inv,8,1.2594711912795902,,,,,,
K_oat_kq_s_inv_09,0.6512146769508095,0.9997916666666667,0.9999000000000001,5e-05,1.6666666666666667e-05,0.0,3.3333333333333335e-05,0.0,15.015705113327112,0.3844091645943634,12.452556513953025,0.3084062253986258,2.5374478653042005,0.020643842655509816,0.18461638482504386,0.008928127621889482,0.0,0.0,0.7688183291887268,0.020643842655509816,0.18461638482504386,0.0,0.0,24.0,0.52,52.676753897219896,0.6776348277926445,0.5002588990144432,29.275345294736326,0.1706448632106185,0.6455813481472432,0.019664063360542057,1.3235120993107556,50.0,kq_s_inv,9,1.3235120993107556,,,,,,
K_oat_kq_s_inv_10,0.6174581587442065,1.0,1.0,0.0,0.0,0.0,0.0,0.0,14.971348512644749,0.4186188306303615,12.437710309990647,0.296602409204062,2.536679692140846,0.019838954988915167,0.18398586747610218,0.009259476001488763,0.0,0.0,0.837237661260723,0.019838954988915167,0.18398586747610218,0.0,0.0,24.0,0.52,52.676753897219896,0.6776348277926445,0.5002588990144432,29.275345294736326,0.1706448632106185,0.6455813481472432,0.019664063360542057,1.3875530073419213,50.0,kq_s_inv,10,1.3875530073419213,,,,,,
